meanx,meany,meanz,medianx,mediany,medianz,varx,vary,varz,action
9.3332725597756,2.98246210813532,0.06970617527036368,5.06765625455205,2.5127669242137,0.04830155641340006,133.552171095644,36.091072597687,13.084010677924741,0.0
9.001562354649986,3.14207043082472,0.29263189884886365,4.8071245330504455,2.9702949898285,0.20951855391085017,126.40110514503803,33.91090758324981,15.373925324420885,0.0
9.248379086556247,3.7515678144146394,0.54127986276046,5.273338286567592,3.60678490219385,0.33453034062740006,124.45338990750153,25.70460383386764,18.063504702201055,0.0
8.609631030013173,4.202484398612106,-0.38736444146236815,3.9447116798808493,3.6239684188268506,-0.06871086501674983,119.79096869267963,31.390126071206623,15.294614357962189,0.0
8.672817213702402,4.061778647802407,-1.1211580098785219,4.2990091643562005,3.8045805839500004,-1.0312011062626998,123.87737876812476,38.215639640473015,13.543873242794746,0.0
9.312142649608143,4.2549609231205805,-0.6169869390026801,5.955288663478201,3.77448117589975,-0.36337086639199995,127.59284092710246,38.040991102385384,14.710242239342174,0.0
8.465678650629801,4.133916516311941,-0.2933316336958002,4.875192485048751,3.2429043456848006,-0.14726376344585,120.73464176569942,37.06037161809279,11.094115219958478,0.0
9.25068082017236,3.0619260419966605,0.14250249455438996,5.5804823271796,2.7404576889223007,0.45647949599560017,126.83960525201539,31.892898266756152,9.158291697539502,0.0
9.6839013833076,2.69880326967392,-0.500266081306687,5.994029601300551,2.52642676848835,-0.4146182968170823,135.36734861200392,34.418972744776624,13.038832090738032,0.0
10.05633338702718,2.01264298730048,-0.43569569615578463,5.89965011443155,2.122824064608,-0.2365688026784325,138.62179947581802,32.19070619084952,10.177125402074962,0.0
9.702587655141738,2.837228333283991,-0.8223078919558402,5.8194918044997,3.088460762736106,-0.63903911132095,122.65776830669719,30.717544405374156,9.498727949581866,0.0
9.423489143582021,3.784597468984864,-1.359457303967976,5.8079672700315506,3.40336242135711,-0.9271502311513101,114.68637891593964,32.955290739084596,9.157779709167222,0.0
8.32945769355162,4.631434192951522,-1.242628341088338,5.290530036177951,3.986807890260006,-1.1906188453441302,95.66960730714462,39.19238878044341,14.67042128804132,0.0
8.397264887795641,5.1210174993109,-1.5145853834813,5.84872900541515,4.199501341910099,-1.0142241599898498,81.37166231440682,45.72865174219015,13.729457295985824,0.0
8.714911897447902,4.91260292960648,-0.0027142456585601328,5.897615096346151,4.359022366268251,0.23901471631102011,92.69927052169632,39.563044438772046,13.515971195949154,0.0
6.623954914818121,4.228652382071361,2.9293950017351156,4.698511145744501,3.8635489586351497,1.9127696250650204,69.86073581501282,20.386286772277003,24.815988661650856,0.0
4.278614974363601,-8.6390066332504,-2.135325467845024,2.8016444503802,-4.829613766452501,-2.374896876536,48.67000649222156,120.64232368563782,12.408994826702454,1.0
4.149337538229622,-8.582354571770143,-2.8885407884888012,2.847988078410586,-4.73054827433536,-2.8370293669505005,72.88422689544548,173.22579113598442,23.65666755368034,1.0
3.9166310339340162,-8.273058755727202,-2.9451013601434597,2.51771638187285,-4.94888124846321,-2.731398527435,68.28163383606855,185.00326877367223,30.67132597351225,1.0
3.5011557092632657,-7.645078946466602,-2.820104811908658,2.1855743247938153,-4.4960317038049995,-3.0302079002838007,55.695603417972826,164.45929388536098,28.19586365821674,1.0
3.5541575512266403,-7.973725831745081,-2.828286078858754,1.7549625365560502,-3.5000411269202005,-2.0747979355398,54.7976955418855,163.63672954780571,26.611678077435432,1.0
3.268191321155458,-8.317553518353535,-3.01673046667412,1.5902375839493,-4.0929124946897,-2.0672214408919998,44.94877171385574,173.621382310216,28.829315534695308,1.0
2.527894705950339,-8.278335642484635,-3.078775214003932,1.1166366921152502,-3.76553952024355,-2.5443849243724,33.96988079705379,178.67405050218304,29.03713351672934,1.0
1.5995854349169603,-8.240638244525607,-3.270730910123752,0.7134156943293,-4.089726370331201,-2.4032711220571,27.36221722251297,188.7723636913575,35.17831193162253,1.0
1.2014450221691162,-8.392114338406092,-3.07008132305302,0.96701383428134,-4.0424651504783,-1.9640095711592003,18.68588229464099,184.82508707945257,38.55847597488991,1.0
1.0143075665397379,-8.169867902225342,-2.915198044486847,0.41162976152054503,-3.4885899398970004,-1.68851721035345,12.518401316308092,186.16458523502953,38.779986632025064,1.0
0.739837969010702,-8.163651389497321,-2.9679457749991505,0.36893853843615493,-3.3795731414545003,-2.137949361364375,11.562922319861952,182.60182232638763,35.253274291487784,1.0
0.12205884732636392,-8.946881364257978,-3.264432457819667,0.009185648400704946,-4.304071637006801,-2.9374764862019496,7.873670787639478,182.25590809442605,31.264941733231467,1.0
0.188922074516044,-9.106712214328239,-2.7584832646190263,0.0028216324114049953,-4.4484733520293505,-2.04927301484222,6.894482768047,181.27946307000875,32.23592621237403,1.0
0.04222775689142007,-8.641995737242294,-2.382693922476558,0.11813134460539995,-3.1693652709265,-1.3570352806147201,9.821341582782129,175.15621939449434,32.57857021162239,1.0
-0.2169256008642478,-9.112114659943172,-3.029975433592212,0.15058311082923045,-4.6167885887237,-2.1642399398594003,10.546155410454064,187.22274075712045,42.26667815504916,1.0
-0.10026698365052081,-9.504063019266578,-3.18349968829832,0.31947015843584803,-5.507297266381951,-2.45316761168635,11.362571936177982,185.76046171716447,45.67316804131403,1.0
8.332880176498593,-5.62851130051626,-1.626171079854982,5.3606255217734,-2.0240205277081,-1.54481079941895,73.99889333534364,56.969314895801645,2.1427175057989345,1.0
7.860109638072257,-5.910682472603454,-1.684127229404594,3.9181636367771886,-1.33065114671337,-1.4761508285627452,83.8658016012107,69.48505383538556,5.106056048181797,1.0
8.112983853323474,-5.759768968787453,-1.856554834337274,4.267879149520288,-1.7178704200239703,-1.5490671981741955,91.36614779372628,60.70079533187578,4.762382023276251,1.0
8.263936635286694,-4.951255281643318,-1.89810809390478,4.739224980867251,-1.022397912590265,-1.8199394165077998,93.4134684234143,51.63341500485626,2.872066143356862,1.0
8.546265489370578,-4.875584549778,-2.09649109435161,5.1717984398055,-0.955778199030995,-1.8117387199894004,94.37998693271291,52.075431790391846,2.891884739880858,1.0
8.274768859664755,-4.98221013066386,-1.7528752172386006,5.002674884046501,-0.8199633773531501,-1.40647746510615,81.8460555376844,64.29991156918916,3.42510316443481,1.0
8.517746315317131,-5.26189895479162,-2.6032748021908168,5.53847817532095,-0.66462166212005,-2.5684518768458497,82.39411790141064,68.88156498720193,3.9327207546117458,1.0
8.207073482874986,-5.0769858136134,-3.1624671956256902,4.8641634200889,-0.06991960144769997,-2.8610349472167496,83.94880411109916,74.60104523399498,4.976713875166109,1.0
8.25179643107578,-5.47086773199026,-2.9113122450263798,4.9976835137859,-0.14936763837265,-2.1883839820928,75.62380200175552,79.56991774878813,7.029862948132911,1.0
8.716759475526388,-5.0755113797962945,-3.2073148045270705,5.387298555183401,-0.061567719265300004,-2.7543622742023004,75.67388555554064,72.41917069831301,6.576805158310409,1.0
7.017943501386684,-1.5503061118900383,-0.005065107108561317,4.11372745974155,1.3939777084414002,-0.8913506768130006,61.00938655591879,41.738361785290714,22.91139729461684,1.0
2.581761419510054,3.4414600570478475,7.306814471075304,1.965481759657975,3.4423151687544,4.2295625792424,15.151289245793965,14.719299714933493,57.639209171998345,1.0
3.05629148914657,1.3227469236825435,8.831769031754742,3.064230649552875,1.5462972084001003,5.1623695471774,5.475138195327318,7.095278986330743,67.04111182881512,1.0
3.5863548766568805,-1.1100238934336601,8.86863469931242,3.5067853523203,-0.12143048399535002,5.084816569419999,9.154352197032022,13.41293368685073,85.69245396545463,1.0
3.1642471741642164,-1.976066847858588,9.49501242022536,3.3387193473693,-0.3837652061382,6.4188102652938,8.924056749320481,19.374943670457935,105.19367670496634,1.0
4.243019086455776,-1.9206090927720112,8.961595885540081,4.4194898734839505,-0.4424229767136466,7.039171966436849,14.366949361983265,20.347433298973105,85.1893140659504,1.0
1.7236181675772801,-7.963438085191899,4.76877817472722,1.6982447318885001,-8.243781468339051,4.4224260177496495,2.3090940070807213,10.320239101681715,3.007226828395585,0.0
2.213547434408648,-7.673208061697821,4.748075865462319,2.2093044776547,-7.782838254685001,4.2393350074985,2.5584625295835854,7.0870216546250955,4.006347339774097,0.0
2.3868212895836,-8.183544361941802,4.472983413159978,2.2465215843512,-7.382435895645001,3.897626344342,2.3777197963360637,10.5012574229869,4.173164557712157,0.0
3.1472288240035997,-8.5820534879414,4.136698121931881,3.071296705679501,-7.8374020386500005,3.774966167494,3.9898988218697466,13.032455672410673,3.2451858111551446,0.0
3.7921957882660764,-7.527690177645742,4.46473089428712,3.7194847915939,-8.043646900082,4.2564332016025,4.378841016132274,12.44705477750719,2.465833635193007,0.0
3.7813505710312563,-7.623879430989108,4.30602489515412,3.5861076507315004,-7.643886705747001,3.960122882083,2.7448397707934347,10.81473782389457,3.0475489452117714,0.0
3.37778855257888,-7.716348530511601,4.5058407159782,2.8915205520694998,-7.110551032930002,4.207984201805,3.1980348700119055,10.617840459759588,2.9964925153203645,0.0
3.57564360090236,-7.9296656154396405,4.574439314431141,3.4017368019742507,-7.9267130653799995,4.4028444876695,4.318880488761416,12.737016971779184,2.4967037836286785,0.0
3.68121282855234,-7.078399931583377,4.862218664236179,3.859675763008,-7.507857829325002,4.5335362128995005,4.540471144653373,13.790857465076531,2.7856416543822276,0.0
3.6095344744129703,-7.740226725692641,4.449773368600001,3.6808366608120004,-7.739813225640001,4.0956128791354995,3.4151325848475187,8.995536909765047,3.16562040122089,0.0
3.2112650299674286,-7.971916813640401,4.594309743692621,2.90190071637765,-7.260756928235,4.1413495193078,3.778826130978582,12.924563753902849,5.4335199738109585,0.0
3.30512701296418,-7.809524400449421,4.81351794793074,3.12839846191645,-7.302287315330001,4.3795012802199995,4.1969302483396165,15.93638755373441,5.269935556656401,0.0
3.41931097622372,-7.28725114333862,4.906311961739441,3.5303718040744996,-7.127914924540001,4.474814824661499,2.813138019096252,10.67668852190758,3.2362194469427266,0.0
3.5682570013830004,-7.728057302228981,4.337082221091061,3.6805866806509995,-7.802155583965001,3.962077816795001,2.6509422757290744,6.215815650492634,2.5229111483326507,0.0
3.35198506116258,-8.023417637276602,4.282844309374701,3.3060722374090004,-7.697720757420001,4.021026731876501,3.6269989096974022,7.02141188929169,3.053534595606048,0.0
3.45728550775262,-8.2070926430652,4.464229556884831,3.362344718159001,-7.352312537354999,4.157090036761501,4.68157526056173,9.79618277736204,4.006862619927675,0.0
-1.7919884907404977,-9.451494286384799,1.4245507315161399,-1.9773438423478598,-9.160435526135,1.7058938255251506,5.28972404812399,5.636292893429157,3.238382003116503,0.0
-1.0733485402377683,-9.6250116850896,1.51280091429586,-1.0730899978652952,-8.830859882295002,1.8978000045608503,5.724270865314964,5.194867205030112,3.7525659545827947,0.0
-0.622618468229732,-9.6100129053316,1.5605466764591323,-0.55040617444935,-8.80813189553,1.9036483428905497,7.1828106602490225,5.673038292188778,4.323887310219147,0.0
-0.4464905281755781,-9.649832649827399,1.6009295798076841,-0.338969359580545,-8.91445055471,1.99459621582705,5.610566679159795,4.840669868498078,4.1412636249006,0.0
-0.16262514925333404,-9.660256493302,1.9060925800896,-0.31695014875037003,-8.525149111135002,2.3008166770900003,5.176828091276965,6.953673103820771,4.386446386420863,0.0
-0.10267125402010797,-9.661240187637599,1.9488342782725603,-0.23191348341838003,-8.62413751372,2.320746233391,4.75238384810895,6.488176143654121,4.556931070652207,0.0
0.12682643308111008,-9.818584378682,1.8576957618115302,-0.06712191926600504,-8.77329184563,2.29496759033685,5.911842469720051,6.224595139643073,5.17031407678982,0.0
0.286090352041136,-9.695776908093203,1.6435587719819253,0.13620775450530995,-8.992716050719999,1.828800988757313,5.255159683540907,4.506951744914121,3.914548474203305,0.0
0.312355124174488,-9.5922450936332,1.821741309441176,0.21336929627084494,-8.940847412185002,2.0020364936395003,4.2232195290023835,3.4637727213733696,2.9145398932160034,0.0
0.27742780591902,-9.659043326017002,1.956559743064576,0.0641251510647,-8.629552503245,2.133726642572,4.904815807738475,5.705039933606681,4.710386699006163,0.0
0.2875807727297567,-9.664547619737201,1.9423712282351637,0.2299016669999015,-8.685896834435,2.2212009887759105,4.945917007708241,5.878774678829594,4.852646595254091,0.0
0.4183643468889001,-9.6664991116628,1.9939761452501643,0.36857928542125,-8.55388335806,2.2179482528511603,5.336831210420747,5.9784067381751695,4.506788071072857,0.0
0.35147627133643994,-9.651690256770198,2.0438635338898203,0.08607849883400004,-8.532890263379999,2.3579034644892,5.143149380172534,7.193568043258514,4.821575051061847,0.0
0.5511613241273601,-9.764679494351402,1.9467706096716397,0.39714962310775015,-8.52413946067,2.2919558532835,5.681101100900301,7.272640369737734,5.004140043958072,0.0
0.444065840336174,-9.6384649888828,2.00287705571986,0.24959172133208501,-8.54178102492,2.199172796638,5.071229549746233,5.396196177853447,4.438722738606293,0.0
0.4689315917115341,-9.6611554936832,2.08229006550458,0.33539853516288504,-8.739290801135,2.1774799072135,5.709344470390363,5.024021276482437,4.25751988657306,0.0
9.316399856779402,-1.8940674265204798,2.7007377868428804,9.067829102335,-1.9059707634088,2.0810796226468997,6.8832606746686675,3.3517220956433875,4.657966338893904,0.0
9.3549844597356,-1.1170001961585219,2.9197415761481604,9.50845057523,-0.9494486114445501,2.1455213653964997,5.518653970498579,3.6670552406255,4.779057782095135,0.0
9.1753102142208,-0.9389502528907723,3.4028938657762007,9.304282644535,-0.8941880263955,2.6105054260200005,3.2242709697401724,1.4277124179850549,3.7236711607713397,0.0
9.114408250407001,-1.127969595154526,3.4661075322863795,9.228350047225002,-1.1268102859356999,2.86618648451,2.220502853825642,1.328211512970179,2.5563783171895564,0.0
9.1964929044868,-0.9872696521966281,3.4214925695842,9.094713945005001,-1.000312090305545,2.5113957755990004,2.2064913882910266,1.4061232744919514,3.753292422360377,0.0
9.068177787096802,-1.2884930848460723,3.4843966498324006,8.921953701884998,-1.237115904242895,2.841466140725,1.8588389875654574,1.3812585886229534,2.6850735545630653,0.0
9.041903854078202,-1.232934768945692,3.3980349998372006,8.707660077685,-1.191641967768925,2.9067296745280005,1.6827674659465377,0.9574515704709284,2.370584135741772,0.0
9.201015779294998,-0.9534416478918081,3.251383373477201,8.790535986360002,-0.8075743904260699,2.5984450057629997,1.6912356376425748,1.0175937419000198,2.792493961934567,0.0
9.2056571775154,-1.0422577738034182,3.2567241772192004,8.726511875149999,-1.046708109287695,2.60835439907,2.075459591568378,1.0898739522008767,2.6985810168306155,0.0
9.212504628110603,-0.7697686777907522,3.3256113156523996,8.87608907769,-0.8467075126597552,2.66767005153,1.7146690217815412,1.438897135733354,2.4289470389530416,0.0
9.2959455517974,-0.7172121895663641,3.2716563455989998,9.057846361545,-0.6222238288878551,2.5569497955449996,1.5701824437780425,1.38148972286046,2.8272594367901265,0.0
9.288583261651599,-0.875658418947474,3.2535440703140006,9.09099193497,-0.6338419189476501,2.4880121521199996,1.5961976171845502,1.1678143158338723,3.162717772794218,0.0
9.332033855617798,-0.92715538048483,3.0993612151772005,9.121730513825,-0.8491676468079199,2.3707722038,1.3904831284924106,1.4795372263555018,2.9611877434049356,0.0
9.3034851928966,-0.8335467905206331,3.1247486916435996,9.064116073725,-0.8184238288867001,2.4081098098495,1.5824120785449887,1.4978104248887614,2.9477206117235495,0.0
9.3100588628948,-0.7456579862344542,3.0670898238780007,9.03597609102,-0.77883714981675,2.2731594405695,2.0615968713954684,1.864595599220414,3.289071966168584,0.0
9.2758664862734,-1.079729111775377,3.0670493181146203,9.27327312929,-1.15140563966645,2.2941218490564994,2.632970247719466,1.7906223479066674,3.938362224313965,0.0
-0.9641120586941099,-9.513721863689998,-1.3317650703039523,-0.6175939567869,-9.317266644478499,-0.8020935378650801,6.081445693261287,10.762963509118974,7.116409959665321,0.0
-2.1874849816191664,-9.431792167332599,-1.4136187846101544,-1.5719628364896,-9.1093894275335,-1.0488628784502,6.106290432903624,12.123362318438426,8.524504324306138,0.0
-2.0824020925639943,-9.378012752209997,-1.1198495508189439,-1.633993093859635,-9.332871693480001,-0.7749879043407001,4.527901734245146,7.670650887037899,5.253590662978785,0.0
-2.0821766613443637,-9.465892545122639,-1.3641304660935003,-1.4986917045600652,-9.459093713075001,-0.9178553100263999,6.759109382625077,11.073465777143458,7.267126980147995,0.0
-2.0685949845444283,-9.4711537144522,-1.2590218904808137,-1.8167562858533202,-9.449771099689999,-1.00070951385125,5.368634672306394,9.97533632641176,6.582041323147851,0.0
-2.0842068894675885,-9.50444721020338,-1.26600205517367,-1.7672474899513197,-9.40479637508,-0.91029004211758,5.422884622104301,9.768886408853806,6.454292023180803,0.0
-2.104204374512418,-9.551100334640163,-1.5174916199925104,-1.3627706040180052,-9.243206652964002,-0.9962966903707802,8.240859115411235,12.694031251097718,8.414898960073963,0.0
-2.0358442900490603,-9.573014404123361,-1.68176460256478,-1.4189854546018,-9.3681465889815,-1.2351070815907501,6.8558172664576675,13.652675695293308,10.239787021675793,0.0
-2.00811152063165,-9.556912837301219,-1.4588620507608678,-1.4610270286820002,-9.240260030215001,-1.0162097808601502,7.042173597781636,15.089569868868168,9.983499012278687,0.0
-2.0263110944263203,-9.379706090780502,-1.7418790838251481,-1.8420312263743004,-9.223863876132501,-1.46279036176265,4.469060177156746,10.275375254809227,6.9787263851577155,0.0
-1.8933835585820646,-9.4345083289388,-1.73733633052194,-1.6604266250798503,-9.3170256454465,-1.5416591033572,4.426704940810981,9.501469866259729,6.893947193356877,0.0
-1.951986543077616,-9.5258060543013,-1.4396009744121172,-1.5215791099294003,-9.4191103593065,-1.1560976326099002,6.757542708487098,14.917177381492891,9.481006656254023,0.0
-1.9602926804294434,-9.519067667011539,-1.50925601600301,-1.4934084411177,-9.533077363615,-1.16441882854572,6.7900120981623715,14.961697010683375,10.063946504740679,0.0
-2.0540587428987767,-9.555223450655802,-1.6192753396117001,-1.5300963981545004,-9.521471997279502,-1.30628257131885,7.398213072663255,14.243462122751364,9.841242068082718,0.0
-2.0066659766049604,-9.61922950929328,-1.4421922956794204,-1.4825919342314502,-9.521679315984501,-1.0420116257149499,7.810756562469495,16.375956293481842,11.093113040984955,0.0
-1.9958406679490355,-9.6963076445217,-1.5668657558873484,-1.4377624076973503,-9.9156405691375,-1.2518415322380698,8.17563298451493,15.857572383646154,10.47880169307368,0.0
10.726959153799397,-5.359209256986,-0.41061029152380424,10.685490408375001,-5.183494367965,-0.29888421709116,5.277195586461644,2.0623985954236517,2.217409983628058,0.0
11.318509069200001,-4.8102711696072005,-1.393064906631634,11.5332060748,-4.768851372535001,-1.23301293642435,2.69153561655554,1.1980434982731525,1.092877687244199,0.0
10.986114696727,-5.09304855103,-1.3403372343930378,11.228293892710003,-4.97389947283,-1.2622426529221,3.512580302492606,1.1736242653228461,0.9112772476985274,0.0
11.551824327604,-5.225266801782021,-1.3802282006851638,11.519463152835002,-5.2649841591083,-1.28374019852391,4.468549637403439,1.866278191482412,0.868267854662933,0.0
11.323831550972,-5.208746436027001,-1.172166028193022,11.30894318108,-5.180016350545,-1.1358754348573799,3.9960678927459496,1.6061181231459034,0.49041051307815414,0.0
11.042203449615801,-5.310746186448001,-1.0339337636564612,10.88353232785,-5.24754317776,-0.89904392851812,4.325404262999923,1.4805149758112093,0.7248273874242815,0.0
10.844606794068003,-5.5308020479238,-1.13027719647327,10.74790910778,-5.343796767395,-1.03696412199249,3.210635033588754,1.4454360073839678,0.8134400890799286,0.0
10.4645391988168,-5.5033465020487995,-1.136330907713528,10.354702286005002,-5.511127800775,-1.01235978699124,3.825599281387754,1.4666701014680936,0.7390958031785064,0.0
10.7244127688574,-5.4764320509147995,-1.1048202644468763,10.786491375885001,-5.30484327165,-0.9892343765292502,5.261716090851343,2.1322117363065916,0.8992286177597727,0.0
10.374175500851802,-5.2854250819494,-1.1528113963674862,10.409054260370002,-5.237669709795001,-1.00896260145045,3.6117431168335727,1.095206125162891,0.9678941701663124,0.0
10.282849214850003,-5.615812577631201,-1.2755254312075421,10.355189522615001,-5.511285722355,-1.200008070363955,3.152814737549753,1.2240984067375575,1.0778655962170254,0.0
9.561722126501802,-6.773352161687801,-1.0367527016617333,9.577205598565001,-6.570647767625,-1.0204025619374,4.7501555530794635,2.155310788010852,1.0381786110413298,0.0
9.867199562971,-5.522760081303601,-0.5333782142901172,9.74258618786,-5.319546446205001,-0.40406524199245003,5.02751536570968,1.7448918719668707,1.3248319604390666,0.0
10.5990409807894,-5.6579058541995995,-1.019000846825982,9.992788639165,-5.368628629265,-0.87624783323765,11.65214686258883,3.979098863033523,1.574518983959673,0.0
10.510005590726001,-6.927190672833001,-1.795490158990086,10.51246820998,-6.739105208555,-1.7257777267453,6.7014116442136356,4.604698694934014,1.2067570897362263,0.0
9.8542586734994,-6.280145609990001,-1.7453027941516197,9.8150452586,-6.30372807998,-1.6436854385386,3.027699927579161,1.6437579545046703,1.4011376688450887,0.0
9.747480649775202,-0.7340308549965001,1.3074231096519942,9.148806209655003,-0.5778149276592399,1.4850939811491999,4.709130623485922,2.315913903099138,1.4682666557438835,0.0
9.799367879653802,-0.6507380333090601,0.8205191117252021,9.390183762389999,-0.6868309776172501,1.22180050276415,5.08681014008428,3.0240635455918343,2.4547956529197608,0.0
9.892948657197001,-0.49217316064742606,0.5293734422597121,9.388113567305002,-0.4190303718614,0.9349961654887,5.204132218485832,3.447592402930926,2.633142926404309,0.0
9.889830611369002,-0.539154193102106,0.33530746456386606,9.47644263606,-0.3020980339164,0.8597229469570351,4.988218880110084,3.598669068209291,2.955032712121174,0.0
9.915085493599,-0.51075393174425,0.12136013033040202,9.56897271883,-0.30810204849161005,0.56647001953424,4.422928799412655,3.707254084640721,2.8210605309768093,0.0
9.8431042592706,-0.647509546972636,0.05306414256771195,9.228990714965,-0.6066704223914001,0.4404598091144051,4.93097246927,3.1177674342102515,2.1885880105964657,0.0
9.873499542086403,-0.556164998933078,-0.13311084459466008,9.306981532385,-0.43165287326216506,0.23882086946335002,4.940314947561606,3.5583908579766486,2.2073191046783665,0.0
9.871907362898002,-0.5409606964385196,-0.25908704572120006,9.31008906992,-0.37921841125376504,0.21874461822625008,4.628226536394751,3.6918380334818,2.9327470189824227,0.0
9.9206637336404,-0.46205324534902814,-0.41905704639003816,9.467313869485,-0.24639511873751002,0.08677455139892451,4.473076799482816,3.9441740488204515,3.269331957780655,0.0
9.8773230710392,-0.5247547967863241,-0.6487929181704423,9.390049791200003,-0.32456631087516,-0.1572435104366255,4.266004117432883,3.237304404088454,2.615319085005098,0.0
9.798007388655602,-0.48126160134280205,-1.3252874106459136,9.380912791270001,-0.5644499702267549,-0.977382772066135,3.9892886017158995,3.035629420045811,2.680059918871306,0.0
9.913339075145,-0.5930076143241999,-1.2385545026770557,9.40720112436,-0.60752589339225,-0.720129233551799,5.134569436193931,3.9684386857653102,2.967218184250799,0.0
9.831005249320201,-0.7601693197589039,-1.3984419050994001,9.396478921520002,-0.5146679924100701,-0.939145536802636,4.766962956844456,4.175800842019524,2.559029955845845,0.0
9.790121308103402,-0.6675184981372021,-1.4598129633233845,9.30348929438,-0.35209556352042004,-1.119912629707122,4.034193927952471,3.4137413582790357,2.9104651980348284,0.0
9.787317338906401,-0.63995113475719,-1.5211637836611622,9.285868686654998,-0.21860989837209002,-1.1056540306196,3.2390184655715553,2.8809238513045177,2.9530080986669405,0.0
9.809370738456,-0.6107487813604919,-1.6889206214906802,9.24809623489,-0.24246129913084005,-1.1711151534860003,3.3299122865455417,3.375117788051509,2.7782836896482106,0.0
-9.485722079372,-1.2956708386346993,2.5507380129932997,-9.34684214175,-0.8091543548570235,2.3841528785765,5.184670515939507,3.2609707752662134,3.5049681122602294,0.0
-9.470031977090198,-1.7283402479408299,0.9850492894489001,-9.517633978265001,-1.1961378685158734,1.05447919921555,6.727380517081383,3.6993678023596326,2.4346778484767935,0.0
-9.612558242178602,-2.1903421201015,-0.5478056323276356,-9.6794646995065,-2.0038365005635,-0.57803347320915,6.757419162486468,4.547414711974687,1.9248305180356442,0.0
-9.467710544547721,-2.0711083480130803,0.26743204220088,-9.569348437520999,-1.5991642707740001,0.0289378234871,6.4793344062654725,4.676904009191345,1.9571217877869334,0.0
-9.34951154069574,-2.1919882469732404,1.1772073347343002,-9.654691964738,-1.8414945922929502,0.7282902626025501,10.841260783060205,3.36515876698125,3.487156109082329,0.0
-8.822830369875861,-2.1081949260967003,2.8407225171270185,-9.330529813498499,-2.1359884392109505,2.630324212592501,12.994432557755426,2.5983724093387828,4.673541448464823,0.0
-8.7299310949094,-1.8491652410830928,3.520633295379338,-9.0433362854705,-1.7924408500878504,3.2272281944214996,9.798116166586603,2.094519237530494,3.3695345037046707,0.0
-9.05089906852818,-2.1754047126508484,3.16669368658056,-9.07568177278,-2.1423831413262002,2.848571864349,12.28919120522355,7.190032772453587,2.74198229084639,0.0
-9.075657463198159,-1.3120594783043917,3.2522243247116003,-9.374589191510001,-1.175114087662555,3.116610475191,7.414435903550446,4.919608154331184,2.8239006711168573,0.0
-8.68519482438624,-1.375427354101251,4.0007250494412006,-8.785261704205,-1.29982574844647,4.116060358434,4.174560511542678,2.025748152451011,1.8999255609871333,0.0
-7.855485753279001,-2.092064319868287,4.568942654855496,-7.582346678819,-1.644136750041525,4.2145540397515004,7.038443210759098,4.6125449700200525,3.810560506413746,0.0
-6.930669917653882,-2.727258257269559,5.049911584782076,-7.1553438858115,-2.5327069587994258,4.8789324576915,13.55538041285279,5.522453857921666,8.624358401329166,0.0
-7.708288212128283,-2.150543511737174,5.409966995783001,-8.13474521037,-1.9426826705932498,5.1874132186769994,12.9400596682942,3.73134408804619,4.8124884613950485,0.0
-7.739470767776899,-2.438929190652046,5.08906380736614,-7.843441230009999,-2.0476077277937,4.9904774986505,8.897523514883353,4.920284309770702,3.99666222906665,0.0
-8.580812448669999,-1.7014598660021019,4.8735763557218394,-8.720550521911003,-1.2943695945509002,4.821564255506001,6.850217861299282,5.823518493418684,5.580658636281108,0.0
-8.5643231283188,-1.437291486979902,5.045043408193184,-8.251943994106,-1.05958957213595,5.038856144678,8.670104550836745,6.589791931473684,5.980281776308528,0.0
-1.13790872434698,-10.184484615693602,1.158347784773242,-1.2917682914114,-10.922163026783002,0.65851823634549,4.78832804247961,23.476572930253717,4.907991823749729,0.0
-1.8530884192147603,-9.8822525460524,0.9139468032857401,-1.9631345012142003,-10.373623424626,0.5857524962370751,7.403883861299635,19.34886873446524,5.492699937593939,0.0
-2.6452796792868147,-9.928035432196902,0.8884197474152618,-2.8753383235822003,-9.889595783995,0.704367711336735,7.784455915147248,8.037746347185971,7.81254779512835,0.0
-2.4609201675055403,-10.1165124412442,0.3310986274839579,-2.542861593393,-10.65055225569,-0.135417326236665,8.272762292223948,19.619438459512786,5.997588550559785,0.0
-2.5035998038228002,-9.91772757846488,0.18477806992225002,-2.2750030410470004,-10.308789921478501,-0.138637156737965,9.662918049653666,20.386310794823803,2.376558679693116,0.0
-2.5233854544509393,-9.67221230264144,0.6933548136366522,-2.43215017130185,-9.7831720375885,0.516701635889585,7.63680817510784,7.774015678068059,3.967554146336179,0.0
-2.91288529690132,-10.2216361512166,0.690687054001984,-3.1204650352026,-10.312409072794999,0.5752809224033001,7.1304809940712515,8.118007400655506,4.5080870799390365,0.0
-2.1622393116144605,-9.976177349680214,-0.10202200371944614,-2.18759921919435,-10.43293704872,-0.39242890122455004,7.46332284818119,22.361934102037225,2.622556689907362,0.0
-1.97070887481216,-9.722124994216262,-0.017076917083592047,-1.7409654177793503,-9.881683080208003,-0.3090973544627551,7.557877400822593,19.164283204741025,2.5914091021836985,0.0
-2.6913818894174004,-9.91358954103344,0.838265710107416,-2.2513425082134004,-9.506815970213001,0.58988013720505,12.420858758355845,6.823964614827366,5.754906121471089,0.0
-2.1530043879670906,-10.375571337368983,0.28251770446230007,-1.9626604299438501,-9.97787750958,0.10433753834554002,11.81097720484595,14.215251891071182,6.553331738594359,0.0
-1.6517767164728059,-10.213258465416722,0.133005528419264,-1.7408038964871502,-10.278193220598501,-0.12067453885628994,6.7450237461593,27.933179273167116,3.14911286707171,0.0
-2.131513910685066,-10.094958434814082,0.451973867862754,-2.33483257769959,-10.106312248615001,0.23847169432200005,8.272367894478977,19.451476075238645,4.887242424789536,0.0
-1.8210199855233,-10.16822780399354,0.40186379237951597,-2.00425515953125,-9.880861981045001,0.36285958919838,9.19094301520998,10.834982021769656,5.729572489386252,0.0
-1.5864860383794201,-10.558674577570002,-0.009135975582873957,-1.9699495638906501,-11.126486192998001,-0.34376636782907005,13.790605635604203,46.1011772701698,10.364422759077861,0.0
-1.979750450912802,-9.967774269139,0.9709781208717561,-1.9099345801790002,-9.848470689052998,0.7224724183662,10.41473495755639,34.24732677285937,9.420734018765472,0.0
-0.1434631074517521,-10.073198337558999,-2.4402893643666026,-0.07692177168174999,-9.91369448406,-2.705253502092055,10.07325694566897,10.324446456506129,5.604879714240999,0.0
-0.0699315610305119,-10.129413019201202,-2.3658415941535003,0.0911755206434001,-9.75234045738,-2.7071602766039,11.925282105486412,8.764567080973881,6.6551226488898765,0.0
-0.07765865416214157,-10.0999241493982,-2.4469287901606678,0.24097967356853997,-9.730326535565002,-2.7957380790027004,11.85637328125239,9.690163070994908,7.713124005224901,0.0
-0.10375769142496402,-10.0310936007512,-2.3594369614854003,-0.03027218969586002,-9.539753189025001,-2.6456243622139,9.574460116554395,9.799670257189634,7.262391099333167,0.0
0.12406947353684002,-9.973518977079598,-2.474392113273006,-0.05858974637609996,-9.884775762435,-2.5140221116972503,8.091665122537563,8.184023465874462,5.350838257521469,0.0
0.08481216936515797,-10.016436220488199,-2.605234343721492,0.2959921726464,-10.15279281407,-2.58349771029605,10.673796032660718,9.910959285281194,5.870656826721353,0.0
-0.1623877684469,-9.959185958008002,-2.440023106006502,0.016208381984000007,-9.915904836985002,-2.6028840610366855,10.787061839283842,9.199543055988922,6.771427687456604,0.0
0.19798573340388,-9.845599969763601,-2.5522763415311736,0.2331985127283,-9.6533374285,-2.7283367608739355,8.161445096438495,6.54373667849422,5.399806043329425,0.0
0.13930295985604008,-10.042188746430801,-2.47360732330272,0.31020702718654997,-9.666330497199999,-2.69992347899485,10.136807151018342,8.994755171920584,6.964586144687223,0.0
0.04269920643744009,-10.1421550257356,-2.500995990661438,0.24259034695819998,-9.760864953645001,-2.9071359430003,12.053297041592035,9.52227346448058,6.9080227182659355,0.0
0.25939513461262,-10.105119571645602,-2.4852368036003805,0.5338357415537,-9.595831997045002,-2.6991876943420996,9.344910442225192,8.056206955078842,6.611708935567622,0.0
0.260408612556466,-10.128268271251399,-2.3821727336972,0.7889181209045499,-9.454224743695,-2.6927450217186495,10.479624595446424,10.280947453756596,7.421313127602408,0.0
0.010150417416626164,-10.041403435295203,-2.443352247195007,0.7070551581075,-9.5541908765,-2.71686168803115,12.416563125371919,11.357315102512247,7.688920190727538,0.0
-0.23344838736335993,-9.902328784565002,-2.653831078222652,0.13387093942164993,-9.747246805565,-2.9318418389414997,14.087044461659337,10.780521479554668,6.255418709770716,0.0
-0.20342001136434007,-9.968745869298399,-2.485137859750048,-0.1774726721773499,-10.148032596024999,-2.540305755548375,11.56119170979007,9.758996758581452,6.499912395036415,0.0
-0.10399087520571995,-9.9924965697632,-2.3456110540763975,-0.1616935026359,-10.026501123785001,-2.4764487995056252,10.010103394376184,9.172916250001212,6.540392483521271,0.0
-0.5618186058622541,-9.042144650123003,-3.976300959685792,-0.558196170258575,-9.250021214315002,-3.5378630477765,2.384280412381891,9.082846309131888,6.575896509520577,0.0
-5.0874755791047646,-5.522882736222251,-4.38565691653492,-5.135800459858951,-5.2899939549395,-3.8745466568749998,6.973454061211642,7.835660618154361,7.288659811958024,0.0
-8.3130727637592,-1.1997891473262683,-5.07886170890172,-8.1560600866,-0.9219560611427001,-4.648011637879501,10.864502959630146,3.498556445301623,6.066503217355665,0.0
-8.421998833246402,-0.16661768011971795,-5.313737949677401,-8.2779444992,-0.17980117934015002,-4.9904993325074996,12.707810275067157,3.6351486871152305,7.373446070420452,0.0
-8.310510826253001,0.05946732493544604,-5.497592216848,-8.280630450170001,-0.0018050848008349663,-5.032722174350501,12.642382758384716,2.6769936284608717,6.731078607901575,0.0
-8.2259074382014,0.15117883686259787,-5.727558028702001,-7.696111753995001,0.09906435314921498,-5.5291326747255,9.396082238266192,2.2953310814211116,4.4137848932734896,0.0
-8.311746130486,0.260096767978572,-5.613059429063602,-8.040869650765,0.16651652996314997,-5.3841575212145,8.208836627429811,3.5577641688430526,4.799757970464457,0.0
-8.2719110655324,0.058133081773942,-5.5296001764768,-8.332016296310002,0.04467549660437999,-5.0852790318075,10.159974247814846,3.6144336112831903,6.016759411106902,0.0
-8.2577029092852,0.28680563167033407,-5.472800013568225,-8.038152272625002,0.09129814893140502,-5.107315438983001,9.638870573042073,2.7158019323760145,5.415895659562457,0.0
-8.1879865748424,0.12310875005478401,-5.53649670651312,-8.188638374725,-0.34820654341690505,-5.289379315680501,8.500707733807527,5.213929671486343,4.432959340537868,0.0
-8.2251240237518,0.10628655150402004,-5.580777507798696,-8.262999811185,-0.12020494212836504,-5.14141465454935,10.052081626663844,3.616784329701379,5.424224379262739,0.0
-8.184498158879602,0.280871498557406,-5.567203619270559,-8.208080070065,0.25841287994858997,-4.968018744135499,10.294106512178077,2.2175146835350725,5.761821891199602,0.0
-8.0445797007094,-0.13954325192385103,-5.82007034354952,-7.652704436805,-0.28883462732619003,-5.565545432545002,7.978934640214668,4.114216976141559,3.9922366029051544,0.0
-8.1801650583094,-0.17747828984852398,-5.738622904927761,-8.14759400976,-0.35007593411246,-5.138852829512,10.673044807553726,3.5731869045179776,6.020837960806847,0.0
-8.249717651180799,0.1746540942698361,-5.597314412802381,-8.18855614545,0.203219432997215,-4.9627784606595,14.013056273271085,3.566551813399375,7.360947451305289,0.0
-8.358396244331,0.39218428407019007,-5.4293196671667,-7.98854756461,0.42292392367122505,-4.9947630251735005,12.51560867186293,4.217397721175326,6.264558768491625,0.0
-1.8122547094232957,-10.258139897109,-0.34726239603882425,-1.33650510476429,-10.362718122185,-0.49530680286721507,9.348379512576969,4.826224266590548,5.329314586223452,0.0
-1.51158794473853,-10.388968264059802,0.10158429177859403,-0.9802108237319752,-10.347436981360001,-0.40342241577801496,9.07611747342961,5.644774745463502,7.0484855351003475,0.0
-1.5060371312024703,-10.1519211980294,0.002545848681660057,-1.125826039523125,-10.151737024745001,-0.57437314689025,11.24412424765212,6.551295761896904,8.246293320999886,0.0
-1.3344436927660603,-10.1784241304104,0.18833596127772403,-0.9919879939100497,-10.383154422020002,-0.08282756008295,9.854961324378719,7.217613740815935,7.639111669452108,0.0
-1.539745232167303,-10.1890554666466,0.09968151254176608,-1.3744148797002602,-10.34253027451,-0.20974586754213503,10.088568226888626,7.1232886216359805,6.813694639500726,0.0
-1.4440210209794597,-10.455054569188738,-0.47737631564431393,-1.27024933783071,-10.8295862930875,-0.6889295367432101,14.127979238798432,8.956664167861057,7.5304853374381295,0.0
-1.3131775505140242,-10.55486977673938,-0.13958955181069893,-0.8169560136865,-10.855416786780602,-0.47494238587892507,15.703721981175804,10.888234193553147,9.707528754447612,0.0
-1.4031345248858602,-10.2624852711734,-0.26353484151523,-0.88161306182805,-10.1543242283775,-0.6250576195458201,11.781108450179634,8.324552315559023,8.527854034429312,0.0
-1.098673131753078,-10.328712039919601,-0.498530487692432,-0.58282727580635,-10.503048231688501,-0.54313484863349,12.334752196478952,6.500804559128707,6.57096989860118,0.0
-1.0954014697997798,-10.512221115592201,-0.20861639145120212,-0.59929886640445,-10.929846996035,-0.3871033671289,15.614757308748896,8.930355663966441,8.352431120845385,0.0
-1.17496109639312,-10.553843538690561,-0.05916589473976008,-1.0917896275851,-10.672999922813,-0.4079732670308499,17.53949138947229,11.610570369631883,11.829652313727092,0.0
-0.7389307336391882,-10.842508491874401,-0.30669079013547984,-0.3517030528079499,-10.974135199456502,-0.861513368988,20.59857457262108,14.442841265115863,13.138998370912777,0.0
-0.7852893383887399,-10.7158986738922,-0.2236736481431198,-0.24012125452269997,-11.177409978582002,-0.8753932364284502,17.503833938983522,14.022841428622622,11.578690843679619,0.0
-1.0227215253148598,-10.56709434996144,-0.10932711173175994,-0.7484704384280001,-11.396677761418502,-0.58360198724485,16.341797005008655,13.23219356605714,9.390864985362374,0.0
-1.1557597827980441,-10.45103145827358,-0.145530107295238,-1.04769889309657,-11.14815472202265,-0.6025516354476149,16.242369899696214,13.556259125796618,10.8631278203876,0.0
-1.13621019164196,-10.563898117190968,-0.23153754065808602,-0.9700368432125301,-11.613125059323153,-1.0296854279811651,17.523664888197576,14.152287840116085,13.236388567188067,0.0
7.295067623040799,-8.641479352805401,-0.9325024882137422,7.6446959721550005,-8.553038353935,-0.826786028288925,4.510380645181083,1.5150826282321623,3.160409549510668,0.0
7.524094125692601,-8.228103699363398,-0.69838178038377,7.623247299275,-8.234043700680001,-0.5495550934423001,3.806649263480711,1.3790704667703333,3.668881176990278,0.0
7.850979884427602,-8.035639234740401,-1.200003551084924,7.77722393028,-8.16582133294,-1.10027070144005,4.771770974825283,2.8741906112593205,2.36798372924987,0.0
7.009064528179401,-8.468974255852801,-0.55660775941647,6.961199639985,-8.752827093595002,-0.27502355169715004,4.935361024197045,3.3452350193734874,3.335027334777243,0.0
7.093768647985401,-8.261595482242399,-0.494695327582494,6.8313605737900005,-8.200120942584999,-0.5605291708600999,3.8743304810070947,3.026109390949276,3.0473680018795424,0.0
7.245956593930799,-8.5003736223314,-1.0294908263690319,7.122454928170001,-8.86555741539,-0.8051833222473499,5.286692343406496,4.429008495402892,3.139644804628766,0.0
7.259056999494599,-8.254103968713402,-1.136869395444386,7.027247521805,-8.622045857845,-0.8283952000512501,4.835112728222311,3.8405586610800633,3.505773713754717,0.0
6.6132456501714,-8.062469223978601,-0.8676279194217941,6.743173100910001,-8.21189363967,-0.76906666192035,2.9585816845213975,3.6859212228923868,2.0357166198890915,0.0
7.042124289829,-8.0074310093236,-1.013001409304618,6.977134337395,-8.210238089515,-0.8705014016481002,3.9969592576122013,3.5761144267791933,2.3339104163122273,0.0
8.249474576183001,-5.978683739949801,-0.5492807534211719,7.99828633775,-5.993772450433499,-0.51465128846928,7.021708994155778,3.0254764676093595,1.4044681268720256,0.0
8.954320935936,-5.70294844697596,-1.6951791129133937,8.286661850280002,-5.493349505654999,-1.5009413743237299,15.688136889439829,2.9320338619522466,2.647099112036485,0.0
8.855632762402399,-6.3648591828995995,-1.8877225535893198,8.547376353850002,-6.345596659155001,-1.7136229299788002,10.09528414507216,3.401863046215174,3.1084984361721086,0.0
8.805549516564003,-6.864354462667199,-1.5914102889234223,8.891470235615,-6.711825649735,-1.059541868872475,6.094418133715926,3.1701456892982427,3.7185554631720223,0.0
8.431726560424,-7.162199437536801,-0.8025759856003793,8.624046859755001,-7.23004820103,-0.33788899087652496,4.9306667837061555,2.7896791406718786,3.613171265865078,0.0
8.4758485180449,-7.201068792992601,-1.0878580463871241,8.430748646205,-7.322776045755001,-0.5622280758434,4.8763398371043944,4.43230486368101,4.326040267968656,0.0
8.58275193977418,-7.2599688441596015,-0.7247851944306021,8.385335881735001,-7.0811712765750014,-0.6700322109187,9.603297103219173,6.2188406178162925,4.687952941568618,0.0
1.492461267700198,9.530621687559899,-2.051047649787092,1.3977897889022253,10.5628747964914,-1.68924156406095,4.144862529232312,24.691320807241265,3.4467427892549813,0.0
1.3351683582443,9.513150790016361,-1.4836364780557703,1.4311427337579248,10.289067065198902,-1.1676585626842102,3.8496793152098974,19.32422702901125,2.522804086606713,0.0
0.88437845944439,9.861835413938179,-1.4163315811079722,1.1475872680424997,11.154909959114999,-1.22653246823591,2.960491184360058,16.67936206486005,3.5504784599708032,0.0
0.260111306784742,9.50694881833918,-1.574360707270903,0.5587046432261801,10.735995509184999,-1.3033031944981501,2.5015262701344474,19.85958716163347,5.107533418130074,0.0
0.364340626789898,9.618996155705402,-1.551267759278526,0.54313484784093,10.809992022,-1.07247058795725,3.106326439187785,21.91082920341843,5.790681597600095,0.0
0.597160120811792,9.8490260309308,-1.610187261456531,0.7421249660876501,11.245584473369998,-1.1082133852078502,3.3080790672608087,17.99560050408916,5.232864831685892,0.0
0.7590705225216241,9.622014776710202,-1.8325162409157643,0.9754176977609502,10.750540909515001,-1.3985689447660254,2.609717845782899,15.035486765506306,5.184470066378513,0.0
0.21785352105843003,9.326483114989804,-2.32207847402487,0.49648677272190006,10.38938471298,-1.841253098237425,3.218186595087043,21.30853989976427,7.975912081859396,0.0
-0.288033099263786,9.425606433322905,-2.7888883391413737,-0.05575127455565002,10.741985048315,-2.2134447019578003,5.0809180772127185,24.852098343885068,13.186864605955233,0.0
-0.46373190075514586,9.1155365802702,-2.912818958985252,-0.2607937483027,10.099132274315,-1.861855306591,4.096530580813928,18.853917735349334,13.965671802948558,0.0
-0.620183078125616,9.364650940618798,-2.4941968361038382,-0.70856563612031,10.627830917935,-1.4775276086301,2.435603558012034,18.62881077508548,10.707710278920421,0.0
-0.672189345946223,9.609086826958201,-2.095579216596706,-0.63235722707376,10.834001027545,-1.2779781580543,2.2189566370854585,20.937119553219112,7.998038679271437,0.0
-0.46582203357655605,9.5773873195094,-1.7234951820747182,-0.276492150041325,10.378041192255,-1.1068434849136701,2.373661814132631,20.87170163294057,5.950981873773233,0.0
-0.15090006870882794,9.8429127367741,-1.7187861629705439,-0.05712714190262495,10.580888227045001,-1.2528909083671502,2.299637542498158,19.01062657534462,5.368798410331827,0.0
0.2833807317569342,9.502703844049398,-1.7078911639801333,0.6043940988698951,10.1023775494,-1.3935619601588802,3.1346161633054197,17.382139271733664,4.9216169529862475,0.0
0.33287477032257207,9.649971244643604,-1.817014461123034,0.8304590128970301,10.499657868160002,-1.4186537014145402,3.59118703301517,17.34834768368587,5.439730006771766,0.0
7.87001145693978,7.49907478370366,0.15168452042414432,7.264689999286499,7.283695227801,0.13370870136219995,38.5696083500586,72.48323545683661,6.070434650233406,0.0
5.96715682349944,8.825082556407143,-0.5655455120607138,5.841609061402501,7.610949948028001,-0.25283173371945,19.282440985335814,52.44039007115924,4.19949374593192,0.0
6.1959951916342915,8.97170672980226,0.137098222753476,5.684105092608,8.368568721935,0.30830263136890007,31.660868703914964,68.1231796704302,7.5385372107959725,0.0
6.429134955060592,9.175123761876101,0.39383575430643053,5.4108909943153005,8.766695063880551,0.4034717262476965,36.71396653732858,102.54385689069379,11.096009926950126,0.0
6.326382300364512,9.35413506611182,0.2891601982744826,5.3756939370081005,8.917418133766551,0.14245950396187648,41.29810410166223,99.72795614896208,8.396477508141157,0.0
6.07954359415662,9.7363656335008,0.520255034069528,5.376831571266051,9.3428566794975,-0.17453330611998,46.78540277294689,93.02475713208784,9.333463104937683,0.0
5.69314629146329,9.93613837379876,1.0861196525388,4.922695452205501,9.4259750837445,0.3762792732555001,40.240981493375465,93.05492640297008,12.018695723624798,0.0
5.44603308592234,9.889735229674525,1.027658363402154,4.52853960349025,9.40264909052721,0.7586882995682,42.10088439211592,94.03171710539908,8.098098369299567,0.0
5.506462901478333,9.699316327816524,0.5762732535695879,4.42442436223425,9.341182411063212,0.11935879212215998,40.217257696714015,84.03975936653278,6.688920361609123,0.0
5.334994411996573,9.575017568549459,0.325189973943184,4.182326058223,9.210258668560302,-0.29552969285430003,29.461021816446454,73.06534305789363,9.378157597969167,0.0
5.815561936634108,9.28502791493314,0.18654720308090203,4.752429022963001,8.7719768301918,-0.05201757890390003,40.1363135927905,92.94559228727944,7.439062392665281,0.0
5.95156886877566,9.1390819510808,-0.05605932403394807,5.039378558307499,8.7057994466885,-0.006167923736240022,38.770774062423314,91.15346582143829,5.989543834871723,0.0
5.609634564939535,9.229206416391001,0.374784810980864,4.646956105117249,8.485442680974,0.14437102889556006,32.08709128344758,85.91858340439603,6.681415322597559,0.0
5.925286972415644,9.212122292947061,0.6528933113702662,5.3194094811534995,8.6766572981095,0.48925309296447006,30.08319816809983,72.2687078662304,5.506005586931889,0.0
6.08511360123192,9.019225384367562,0.6532885794065721,5.3968374687174,8.854727748978,0.13593008195371004,28.692893950761636,78.08524490911653,5.16619052155367,0.0
5.448379815881021,9.112162231108279,0.21558654546865785,4.6979722663619,8.654312514572501,0.15410304108630007,20.343418231511396,80.70974122868026,5.231815908103899,0.0
-4.879435292073145,-8.479920574400142,2.0457468276027564,-2.93619290542241,-5.241706066274199,1.22732551348715,42.19646000665993,84.02784433322566,10.200692665499634,1.0
-5.6847388746997645,-8.027468333663858,1.9147056990145583,-1.73402332991271,-3.4710561516344,1.0975431473052502,65.6336124616466,115.10101256808605,8.578086753337178,1.0
-4.4635542212594785,-8.21237719367784,1.04653767375594,-1.281210459144329,-2.25022787700611,0.9165941826387,43.61529527028587,155.27814490302097,3.6530254020584785,1.0
-2.8923790767602124,-9.079302383447137,0.7806220081849901,-1.4473829017971,-2.2811924857216956,0.74511377789875,18.58908875678993,193.2093312022597,3.124667047088947,1.0
-1.5083117795159315,-10.36082778767164,0.66326733852323,-0.7278352089051501,-2.7482602134876,0.62057949835685,5.469419408394771,230.21898342974836,2.442305944551413,1.0
-0.2609224389955931,-10.28141232298454,0.8073106988471601,-0.07616686018185001,-3.448649246905796,0.5821573975354501,4.063190037021143,214.42685052180036,4.210208535132188,1.0
0.8440042241783422,-9.140338857489347,1.766447044528088,0.28332407456125003,-2.6047738449647495,1.3338604728966001,6.026151424555901,180.85791620226877,7.9974884502535755,1.0
1.1826319042908802,-9.931142512878937,2.1935349505976482,0.6090953796616501,-3.067654030662701,1.4762383964646004,4.817166142552216,211.45609812429853,9.781299477014647,1.0
0.82364607918876,-9.98368525963566,1.97279602950195,0.40970700990420006,-3.0674833854999504,1.3506518051089251,3.929967647915903,212.3422623939624,7.945519666114786,1.0
0.37674705049005086,-9.297142073461838,1.7840186141937788,0.39317613602504004,-1.8336598847105001,1.3619667755354499,2.6069045307590137,223.90836609131446,7.212590098155765,1.0
-0.263344372570568,-9.69457104561766,1.6422991114461591,0.04757257231709,-1.85847153855815,1.2803789382963902,3.3505702935694996,234.37363783856887,6.266484709493215,1.0
-1.1998480231896846,-10.317272501330718,1.3546616964960736,-0.5656018249512151,-2.7555657713783996,0.90645277175561,5.555324832933718,241.22472117524936,5.3162480983847145,1.0
-0.8286209239066432,-10.35023784941264,0.903758704137994,-0.47713204878256493,-2.8534442320353004,0.37989575272035997,4.220291853447573,235.64921843016523,3.323886795956035,1.0
-0.16582833819326598,-9.39916673215034,0.799926105068966,-0.216263527674755,-2.0227010215318,0.33743879246187497,3.4282270579529426,220.47647060320136,3.4094595939650505,1.0
-0.23931538111063194,-10.05021099867378,1.0531550228475122,-0.12500205688745003,-2.5270023216609,0.6397321701297249,2.6817420712476676,226.96903927272956,3.787895376754004,1.0
-0.5873847970185304,-10.4449988331254,1.141463374692736,-0.29661718137909504,-3.8784976227167007,0.8010883781539502,2.1778568873410853,209.79682262298766,2.9165307064680044,1.0
4.62813379617396,4.799320092501785,6.582792193133228,2.73476278151755,2.66979413449007,3.9771095580227005,40.382466166453085,48.155206128555236,79.5640840474887,1.0
4.1392742350019605,5.96370317550598,6.64829457024658,2.3352959770143,3.3341403694148495,3.96743592444695,42.38185334140648,63.20720898889897,87.1855722072418,1.0
3.3848779302120198,6.44265226569776,6.6253341467639215,2.0018995285352505,4.099105117040101,4.7417232857421,29.867812532272836,62.720804127830355,58.12122508345196,1.0
3.3478743994256335,6.184780482813759,6.265567665016901,1.6858475120393355,3.3889002457135007,4.41731789027245,24.034555892709328,57.63657736265126,55.49726583108495,1.0
2.946207499987156,6.9668672548922475,5.96540690244436,1.50391284711755,4.096770721420965,4.4157723541115,20.062740671916274,71.33215020306473,53.50552187209213,1.0
2.1675150991479066,6.775510643054121,6.270801860443901,0.82565978164809,3.7444476310678,4.247466847246251,18.579216384365107,70.70910719130254,62.866605932377524,1.0
3.4008507944637265,5.610882819168138,6.753701146194182,1.0268511520491401,2.5216299933913,4.64884891896685,36.08063751075241,76.16382206478953,79.02484597529194,1.0
4.275307991320561,7.5044871386596,3.7708725401903207,1.8991576812982998,4.1098572578605,2.9247529449800505,41.64877777457363,112.97296942876605,31.39597401956696,1.0
4.27298248707836,8.262820885445652,2.6051509706904374,2.5619426628317306,5.478123683078549,2.2922178085372,29.889598665923103,108.85622504094715,14.367695198510527,1.0
4.21342538675416,8.30864000421286,2.5580419243662122,2.3998454956876296,5.71679636060445,2.268570732870575,30.370019770499646,88.97764219430832,15.234991692994594,1.0
3.6810538291187065,8.769461550844213,3.2237258975299823,1.957965889046675,7.140374265323549,3.1061128052385585,24.218355088147753,79.61387461655393,17.191277994241727,1.0
4.029756727694496,8.313107793310001,2.8030829590699526,2.2025610008237497,6.38868990082294,2.619525668399183,23.231265136099843,73.6319658219516,14.337528406531751,1.0
4.7536504530195405,7.796902707399568,2.72330201437124,3.35553762356085,6.09468778150614,2.5999860511477504,24.852508488787603,61.152723557595365,12.439682015072641,1.0
4.16780685103562,8.2945721385589,3.1234649013353506,3.1882522452880004,7.1712917222805,2.9903959396140505,16.762358949682877,50.78428402325339,13.269488031398689,1.0
4.718680353695481,8.42090843078178,2.6601180160981124,3.3313494231697,7.571461315245001,2.4267004005283788,21.434745960757958,54.90899879683053,6.795686108872975,1.0
4.896693742991579,8.662313975327582,2.4182483466682916,3.312743863596,7.601409537633101,2.1851604354757788,27.156850437505188,69.41029574473345,5.202118715702179,1.0
-8.0678457583994,-4.7505587522118,2.13709574653254,-7.9714505332800005,-4.6760308936975,2.1997790359650002,1.5069633230494952,1.2964350446177337,1.7953758168091063,0.0
-8.181704298321401,-4.1884570088288005,2.68010469360253,-8.050482435555,-3.7687009460285004,2.6319775245400003,2.1201818721545336,2.8026514658766386,1.25906305474427,0.0
-8.146662138854401,-5.01801010424436,2.34867452619503,-8.106080568470002,-4.8974145240535005,2.2536654785165,3.5129120593931646,5.980599616359813,1.6225075554824469,0.0
-7.8129676001774,-5.18387397856838,2.1568655549908025,-7.64025151515,-5.2847789955111,2.1263080695992,3.2935156273112094,5.1889007737349715,1.0896928373611119,0.0
-7.754414282464602,-5.02423925070506,2.0311590330640508,-7.625395658065,-4.8688441864175,1.9724864433205007,2.182537050290692,2.7681853169818256,1.4363226680929198,0.0
-7.8934752837106,-4.86077725168316,2.67123839119314,-7.854639443190001,-4.488762819667,2.6516773086622,2.6517125768121637,4.0219112169391735,0.8389898098565368,0.0
-7.8407518027056,-5.4435509176004455,2.4415287448271985,-7.776623927354999,-5.3028681289640005,2.3031331100336,4.051617879632505,8.569475279955636,1.6343268393256203,0.0
-7.2638782074338,-5.788276077917307,2.5228299281539446,-7.0126388923435,-6.290109400117001,2.2456593772850004,4.130780419924685,8.808566184845027,2.045680927984693,0.0
-7.296622525360199,-5.643138762555223,2.01922468069082,-7.105026770803501,-5.8202050712702995,1.7603528274464,2.4811288371341482,4.582443327601646,2.213086139676015,0.0
-7.655668136158201,-5.577030864612079,1.913621264111102,-7.68274065854,-5.454752034751001,1.8384117531013,2.157442834468824,3.1965544549453866,1.784393163475357,0.0
-7.9778523306862015,-4.970520010464326,2.407851836324202,-8.02676425775,-4.647714278386,2.2606312431509,2.5591504923979196,3.259304927523263,0.8814812291376126,0.0
-7.753291916501202,-5.251123642203628,2.2615806588139282,-7.600914067824999,-4.757662140660001,2.0731401328985806,2.748990153910785,5.735168191741172,1.0690862120310864,0.0
-7.4159995495312,-5.7143460463332,2.238480366135033,-7.135257156395001,-5.629211244965001,2.0017288833420253,2.275213422891086,7.1013257422286244,1.450698026037839,0.0
-7.2975540082736,-5.59817520481078,2.3277499291029145,-6.9564681998800015,-5.9644668273945,2.2209547508205003,2.865157509378718,6.27105285568593,1.6001904459882703,0.0
-7.4020268559014015,-5.943921571458601,1.760740132045952,-7.367341284949999,-5.960788227113,1.7219576705900503,2.4019281254447167,3.544605680314438,1.2625946758012598,0.0
-7.540053597768401,-5.261901529479,2.7351499962876002,-7.5519681014949995,-4.88922280882,2.7085889602446502,2.697428611897865,2.7714574127817757,1.2208706524810113,0.0
-2.7502236804190603,-9.419418718064202,-0.5833005702122501,-2.7758119193882504,-9.318048019579999,-0.7927626914875501,3.273183116827371,1.5461042423657063,2.4843455945112893,0.0
-1.3593678200708201,-9.8365332537932,-0.7152549197541761,-1.3890222633158,-9.705591368725,-1.2126485344287503,4.671053199833617,5.1558200321519365,4.661848464456695,0.0
-0.825256939371666,-9.823407259450999,-0.8399408939278759,-0.9573379554912,-9.586844803435001,-1.1689536483844,5.0570046742447365,5.371054433713789,4.151195591788801,0.0
-0.5131962229702599,-9.860677355911198,-0.9175270127505559,-0.6372638031066501,-9.784873999775002,-1.0948861724651002,5.5267397017098885,3.940460860926205,3.7977709130579442,0.0
-0.5840764966708999,-9.975004481429199,-0.7418669696850441,-0.6949396156235499,-9.890852117115,-0.99550633391265,4.588169549186128,4.6111006468518445,3.780518734695516,0.0
-0.4072883096172359,-9.878689759069598,-0.833527390859032,-0.29393401107039013,-9.654435248819999,-1.0763225258079399,4.7283780037298735,5.109232798762878,3.600346065322256,0.0
-0.32690241292883593,-9.8634913243418,-0.8178997686847562,-0.33213756636184,-9.842627650595,-0.9622237953113901,5.178325894548473,3.425904531423542,3.357013482287262,0.0
-0.32197154670798006,-9.976556753379203,-0.6849402294882541,-0.5753368308969,-9.883018157935,-0.8974841720456002,4.59944274871385,3.9751467468573844,3.92266174062098,0.0
-0.2853110126937641,-9.863396690875001,-0.8191648179967661,-0.1426466148402,-9.67749329887,-1.0670695175397649,4.334868987542747,3.514508740838685,3.797530617780933,0.0
-0.5398386896481899,-9.863865276685802,-0.8715871551646662,-0.392280997440815,-9.575452743589999,-1.029898814417065,4.073354529142494,3.1870108728715687,3.3205515883821386,0.0
-0.47730287355842993,-9.8125685387334,-0.8392909155450521,-0.48715819932701515,-9.48072972112,-1.11131450959995,3.7187902708906337,3.459360686909581,3.5036046485963497,0.0
-0.511341579720504,-9.882973850172599,-0.924059458460334,-0.5589631301985,-9.661026043045002,-1.14834001467485,4.630547538980609,3.5399223369385053,3.61849069108865,0.0
-0.51898037475402,-9.845012640918,-0.94975334771619,-0.5954370323153502,-9.66289715195,-1.12337867203455,3.7550958311438323,2.545005360045681,3.2584902346807554,0.0
-0.3703200455135482,-9.927715838643,-0.6975890461137,-0.25368271407671,-9.872739781804999,-0.85918182222865,4.2625924896555265,2.8461191145413256,3.298673808790381,0.0
-0.09031995867938405,-9.875640659565999,-0.742756689533374,-0.10403889997766003,-9.777013844999999,-0.9434333702262,4.805826068645007,3.047677215105315,3.4754409042588796,0.0
-0.17650377847894,-9.869691341281401,-0.81988000077396,-0.20854931942985502,-9.598455409245002,-0.9575018646226001,4.368292427467511,2.7159943357721206,3.3916104621551364,0.0
7.691859216326999,-0.08703875198358388,6.083548964792399,7.306510034170001,-0.13082270277464994,5.839945271299999,2.1874795921397934,1.973539426104408,2.5618829875611784,0.0
7.6985528768850005,0.25112749769235804,6.0773454450626,7.15529374008,0.3096266281178501,5.92579549482,3.1367023382565264,2.5658850766701584,2.7774919168469605,0.0
7.9878162106962005,0.7647259641709702,5.618175952995399,7.42313476181,0.8625281135596451,5.426778206600001,3.2274749231303517,2.6173230706844337,2.905444993681539,0.0
8.1342994074274,1.1367019561101461,5.3748383761102,7.715041239185,1.1981257347300351,5.1592575187400005,2.810463509802787,2.257801828256297,2.3701005571602254,0.0
8.3060642804748,0.8117225043577581,5.247455849427601,7.769526436634999,0.84110241851185,4.85911367109,3.7290021948388437,2.2594768037839983,3.248770342810128,0.0
8.382500520409598,0.4629870634557001,5.214300695864001,7.949521884115001,0.5443827003378902,4.87542001191,3.4545394587310847,2.8539661884810448,2.4832563941327903,0.0
8.288757749571399,0.5064887911409082,5.2680128708196,7.955001239675001,0.50683029098464,4.9619842506500005,2.62723591432127,3.608954137528926,2.4921291262896057,0.0
8.7976165321918,0.5855438951948002,4.473216867661401,8.369650222755002,0.4058121093563999,4.237882278460001,3.8220962956572135,3.2497352216815045,2.973650659494045,0.0
8.743228782070803,0.5414795774116279,4.4088586812104,8.40091944797,0.5653623229770801,4.1049991104500005,3.117142058174528,3.0932744962525316,2.421559470933523,0.0
8.797670749530601,0.9725878232077143,4.413568277515401,8.313910633725001,1.0380299057234401,4.16869315796,2.987363384876584,2.709952849347052,2.241882334907947,0.0
8.8223103812646,1.3330488306870865,4.294942241617401,8.307033934045,1.3007036728025498,4.015526419795,3.1299876289741464,1.799596518489293,2.609727674249546,0.0
8.705209733129601,1.490257583392754,4.462142596696201,8.409706176025,1.3017657142560999,4.19612436447,2.8177949160393023,1.7189593872107387,2.646173487034325,0.0
8.7234154442508,1.1163068679090522,4.36042096792342,8.221511528875,1.09649906844155,4.06414606475,3.1609734405654932,1.3848074288494578,2.2424844993008692,0.0
8.709553280808601,0.641049490731584,4.7310112015382,8.130817378305,0.5807840034538001,4.3516644172814996,3.890262103885539,2.14993386690912,2.8931623995163633,0.0
8.465713468267802,1.1073049774692922,5.0323673182668,7.944728102885001,1.10512937169338,4.633339670546501,3.551305295211732,2.0638478858572866,2.771593473597929,0.0
8.052718575549402,1.54682650773025,5.459737088314,7.629823450455001,1.7138857063484898,5.274716171265,2.998203082202621,2.0185097368836784,2.0287443852465783,0.0
-7.232163987536561,-6.317587788583022,0.9017064417975501,-6.886064355477499,-6.042159764132,0.65724350511393,4.792391158405607,6.492479191697065,2.676602773274414,0.0
-7.870465043618999,-6.042736963823863,0.3914155871144322,-7.556976686132501,-5.314084304853,0.1543268257432,6.990720236331751,7.258746348481518,2.571718810756204,0.0
-7.852203049652521,-6.1990451892014,0.18276819160132035,-7.383527874795,-5.74281450581,-0.12772938535732997,7.912035023000847,5.89248780425306,2.6302489247070446,0.0
-7.724159407817801,-6.094838488100399,0.53235461287945,-7.105122571544999,-5.640791912845001,0.21996383285322,7.922806146567753,6.432055188565933,2.875876526993647,0.0
-7.5209975650646,-6.2553444641914,0.5051610821455299,-7.226478211164999,-6.008746996275,0.3834141861412201,5.937216386104884,4.629579903355073,1.9686692124801275,0.0
-7.58957368024416,-6.356640976953236,0.17887305157905,-7.09763364484,-5.948144020765589,0.08030350798072003,7.472521823229212,4.825248603114464,2.315323801351418,0.0
-7.618243261598479,-6.223482052391436,0.42102443518169697,-6.97853755647,-5.81673828042309,0.2609650702995,7.791095953300193,5.495592926249065,2.568902125789625,0.0
-7.548440177866401,-6.362302773351599,0.377661528791004,-7.050051342735,-6.0826468208325,0.08065078579435,6.105955781949204,4.515044864545279,2.222889876178553,0.0
-7.47035658357394,-6.4219477110784,0.14561982201663004,-7.01508480601135,-6.270400634835001,-0.1652555992222,7.635634354741642,4.222505328546225,2.0399383176513615,0.0
-7.403885870169977,-6.347071796296602,0.37432257220031595,-6.74374331362135,-6.213833267240001,0.08140895918921004,9.459927813257455,4.8670353319300395,2.242225867541805,0.0
-7.354898320223197,-6.547186605349202,0.19022945581272002,-6.816396979545,-6.101229178615,0.02197804640712004,8.223442227116136,5.36272352420301,2.079947157118188,0.0
-7.468953730838493,-6.4970253162796014,-0.037990218926299946,-6.9799064597735,-5.878701177987,-0.011921209717149994,8.010606968202401,4.949143514247174,2.2140591943749035,0.0
-7.4350135198646,-6.3273417450828,0.41534186214560814,-6.9090093910335,-5.915238697795,0.30623767547387,8.517717294603692,4.720367480161656,2.063084932760449,0.0
-7.499731977133402,-6.431691189420801,0.23624346917065958,-7.226389894970002,-6.104734888490001,0.14129791945416995,7.027621616838654,3.89525999804428,1.59062870966306,0.0
-7.4189887435148005,-6.489749187132999,0.2908696734048236,-7.059648635090001,-6.276753424100001,0.21854478375989989,6.633472724603891,5.7097348431986,2.0160694647928556,0.0
-7.4805818200778615,-6.567509363961561,0.5089769769257201,-7.139691684735,-6.321765570875,0.29908180615540003,5.161764681154031,4.706222081045966,1.9259799121611139,0.0
9.840741422750002,-3.8508409849414407,-0.3471715530410521,10.081619913325001,-4.224202974725001,-0.32323183593013,2.435231621199569,1.074026092522232,0.2620506486207242,0.0
10.157924187774203,-3.8434139994453,0.06543283173264007,10.413524713700001,-3.9119253593665,-0.14159205776348002,2.280651798841572,1.507787177256699,1.7764517663432808,0.0
9.915178959230598,-3.7325040279215997,-0.10754919031618979,9.97707880788,-3.67765053635,-0.05412220229493501,1.3547541745901035,0.9680494707978904,0.963939936221961,0.0
9.9902033353292,-3.880386335072,-0.028422954158309054,10.164677694184999,-3.8741731155449997,0.06692208480856651,1.6037752588556693,0.7365638287742275,0.7549579686643659,0.0
10.040361930019602,-3.6234832777074004,-0.6543257126859933,10.223016627615001,-3.6995335304170007,-0.6442325615098986,2.4153670494190007,1.0284519628271014,0.4052547993640966,0.0
9.698912467680001,-4.0594732019859405,-0.630720070870896,9.69385577308,-4.04776338271,-0.6210427848885001,2.380627489831549,1.285035166766557,0.5371346643155328,0.0
9.831400337855401,-4.023835550884542,-0.688781511482548,9.760017439484999,-3.9840401458550003,-0.67695825805165,2.0002630442425335,1.202776304045363,0.4373905000526209,0.0
9.9899689827234,-3.767200136998601,-0.7420259391316664,10.056028381735,-3.7716093978700003,-0.7005753959727861,2.013533217906821,0.8703918553188835,0.42978616974949074,0.0
9.9143333976222,-4.022121734795201,-0.679259542520504,10.23535022953,-4.208953436275,-0.6193191192748361,3.5317407311065567,1.3364538580167693,0.5178859333770383,0.0
9.662581488408401,-3.8835094106136006,-0.7764137492908836,9.78258301388,-3.9259309845150008,-0.830776142126675,1.6678011942808197,0.8664509106499235,0.3568200364530412,0.0
9.643706099898,-4.018662338637,-0.680603926847162,9.763826268734999,-4.167590700540001,-0.7677377311771,1.1735668851162082,0.7076450379348189,0.19421844266021146,0.0
9.489483128190603,-4.1532801594544,-0.6849958537894392,9.716078560475001,-4.21915472263,-0.6746829895084551,1.4242601950512541,0.5743032247739389,0.3210957393822856,0.0
9.424928969262002,-3.9788045733032,-0.8485121898250585,9.58480005563,-4.027085382855001,-0.8604863594109,1.0857237467864431,0.586163521764292,0.40322598996028153,0.0
9.6328440577454,-4.0588532512210005,-0.9694592391451919,9.53043835157,-4.041624648285,-1.07784036943195,1.6174322135252208,1.0714969942538421,0.5364243971838378,0.0
9.5549847869798,-4.3864873725494,-0.8405326733162214,9.571129733129998,-4.474520686285,-0.9089121574719325,2.4600451717500524,1.1008545227304949,0.4053947458076415,0.0
9.645275077237603,-4.3987199048568,-0.542282268209437,9.685031622950001,-4.5259065787849995,-0.7272499259744825,2.2986475651494147,1.1981965334818725,1.2330619336286257,0.0
7.4526373009378,-6.2342965535948,-1.2844140073277264,7.16938992691,-6.189789516425,-1.0927254157904502,2.6851650783303027,2.1976440423617674,1.842946050323539,0.0
7.4868785958308,-6.126835769450841,-1.3189800368888822,7.07734932637,-6.0570118790050005,-1.0420430602838548,4.671044611802984,3.8662777432734936,2.5184132041023615,0.0
7.685504002144,-5.998127090558319,-1.267854512978502,7.218918182485,-5.905738703195,-1.1058104553145551,4.788997695347587,4.23751762272006,2.205647408797341,0.0
8.0941276847968,-5.6445020974952005,-1.0785837235945799,7.726342737620001,-5.548326944730001,-0.9701333472929999,4.415830594367723,4.057732808082508,1.9299304711760858,0.0
8.0203071653938,-5.5390010680104,-1.3786594329525699,7.750742747494999,-5.56760310975,-1.2644587943923,3.9714503086804904,2.968229223743506,2.5423494439662293,0.0
7.8603259679308,-5.7241332336744,-1.362807996198346,7.704968685084998,-5.60221039356,-1.2565350220128,3.162527661421164,3.132970449063383,2.039019330726371,0.0
7.7577214751065995,-5.8416293592291995,-1.50367014184299,7.771402036220001,-5.64427217563,-1.4890016052387502,1.3401464825683265,1.6088163800581288,1.073990448763189,0.0
7.599530105780998,-5.8845826574052005,-1.603408604643798,7.565245491045,-5.73011117254,-1.53174222565535,1.358813503791065,1.1018089642978617,1.4540275352230185,0.0
7.478058876547401,-6.1767795608144,-1.331033691213332,7.434724411045001,-5.951842829145,-1.272232129690305,1.321623492385283,1.1195357208022654,1.371796338944597,0.0
7.495000256762401,-6.1896028546310005,-1.0897480173506742,7.443598706875001,-6.001524515535001,-1.053926847860155,0.8607388200876172,1.1512221536729719,0.998104620008292,0.0
7.337600920374401,-6.345596104961,-1.198815709901292,7.357447608935002,-6.197047174095001,-1.13417197723975,1.420025378149689,1.5290534861393028,1.2895677356121913,0.0
7.3338816945166005,-6.338212229814,-1.3278992393037963,7.297120809125,-6.187281481945,-1.19902611235862,1.5609413368808394,1.128759484433767,1.2860812286154486,0.0
7.217690405541001,-6.382708788730801,-1.4073038665318203,7.18086207046,-6.1013796157949995,-1.32971484372787,1.9764012143629313,1.3091316416583507,1.798883766255845,0.0
7.1250586243426,-6.636570291037399,-1.4464550113054941,7.1532826721100005,-6.422398304005,-1.3179844871179003,1.9901762158913783,1.5457204936413593,1.4770555125013616,0.0
7.1449119890598,-6.531239727083002,-1.5572353224657058,7.09122322538,-6.316218106869999,-1.4166697700147002,1.4609538477286468,1.6619616417115637,1.2279454565870875,0.0
7.1540829379418,-6.395481128498,-1.679178280775152,7.220582720925,-6.137893185435001,-1.600079617291635,1.3584362747774779,1.863413797583517,1.0408524543302993,0.0
8.7989337032436,-3.02947194067168,-3.45596555264704,8.52087250443,-2.459855703753001,-2.9758020378188,7.876646553301124,3.933940612318854,4.200746660939285,0.0
8.5419995405628,-4.05944901233728,-2.7945372299389404,8.374126663985,-3.2565926307660007,-2.3406196563820503,10.078832546020205,8.411115998790768,3.4036942630793696,0.0
8.333572127704201,-4.504152346961599,-3.0193052025165406,8.457111845460002,-3.8413149444374994,-2.5998805206101503,13.496480649031227,10.982724704813046,5.752630586616652,0.0
7.9203029453124,-4.40401119156372,-3.4515809903803607,7.8741146942,-4.0926819740365,-2.9428151344085,9.807042404722145,6.513378107732893,7.076164939856144,0.0
7.945053196807001,-4.827786935383001,-3.34904451606642,7.733928961965001,-4.376687880765,-2.7647865966715,8.557823658579412,5.596103519018699,5.131998170927996,0.0
7.8270044503714,-4.9515471148242005,-3.4134782953520664,7.706074884854999,-4.653960040350002,-2.7709837097575005,8.499990560069445,5.392674559755217,6.208133195612704,0.0
7.6983927098864005,-4.853161329105001,-3.5126073753802642,7.540888142320002,-4.75510770267,-2.751063134814,9.158963878802107,5.139856521993222,7.195841703052336,0.0
7.8238258105086,-5.0925629608300005,-3.750190558594217,7.839689282205001,-5.193808669325,-3.1285765914990002,8.920303150985234,5.379507191020198,7.96059036671208,0.0
7.5260611453027995,-4.9373005506484,-3.7605318038590463,7.463299987815001,-5.026467157775,-3.254604764555,7.229266175294022,5.152687008584037,7.069477129518179,0.0
7.418050255163001,-5.0414804275124,-3.850608847674016,7.240509283480002,-5.227821688895,-3.2834318183790003,7.247003072545715,4.749789651000443,8.253363477375192,0.0
7.7087137173858,-5.1496044224724,-3.8463929846241998,7.561489800970001,-5.290295024895,-3.5396599891795004,9.427974961947175,5.383774826986512,9.024857689803115,0.0
7.390476604915001,-5.0573180928652,-3.8941182394386997,7.127503280615,-5.000910054020001,-3.5340002586479997,9.388672667403432,6.061858312381537,8.943415013902143,0.0
7.3668012380492005,-5.0818862331988,-3.8100126379112624,6.9722813164,-5.17428476944,-3.303799962636501,9.609049329489114,5.964147562555036,8.448968492655712,0.0
7.615951108182799,-5.2224316974118,-3.9933831469799204,7.541685234885,-5.546416168255001,-3.54859565738255,9.483310350766372,5.919211585205006,10.111319555801183,0.0
7.417409287980201,-5.157787665411161,-3.846320864590998,7.149367563655001,-5.189783539625,-3.34131270449155,9.619963290374452,6.230697488264447,8.997557231461057,0.0
7.394131614188201,-5.18305176837092,-3.7120361311327996,7.224109387230001,-5.133180246775,-3.0971906089415002,10.209451807919734,6.86508746864437,9.304451435718152,0.0
