varx,kurtx,ptpx,vary,kurty,ptpy,varz,kurtz,ptpz,vara,kurta,ptpa
5.129459481610931,2.2909499579645174,7.454751265067,6.842151520224282,2.807360186230652,8.479044236700002,4.771344841095174,3.2924280459853406,8.26992610007385,7.758219717098271,3.08479960991975,8.514433137020001
12.738689209605537,2.565446864799829,12.5458323072694,185.325639186472,2.300199264671881,45.82512865438501,37.37630906114251,2.5666026207293693,22.0996146147125,136.77054370501008,2.514273463842592,38.046886195862
2.784784088867565,2.65459156615063,5.9795105437673,234.97304436873577,2.481636337967946,46.371772402249995,6.614679643341108,2.117093015749343,8.749691922238203,186.46188809043514,2.780892042742647,41.67932213996401
26.185547038061713,2.859412795928697,16.546240915135602,17.633517451797626,2.6587290827823638,14.0070202518181,33.12172306727106,2.3118579586839454,16.826423771639003,48.57907239203329,3.078453308843092,20.11384074883
95.1881624758082,1.7939904514805203,28.779815066394793,52.30698703656643,2.251158215092368,22.0563246369325,3.0567754682711854,1.8477586074619434,5.3967573852941495,108.63659572526232,2.045200305268464,30.899289210258008
36.194506752341375,2.185253681902708,20.042232961417998,190.81627821849094,2.206693376911125,43.41369725215001,14.500037568131358,2.239876850003326,13.0081399339183,142.79895298553555,2.4550207003803735,38.157722794570006
225.39731992650013,2.6457211195797656,44.17494871779401,118.28105977755249,2.72392510399856,34.600861615428,463.27573427932373,2.584133135930301,74.105169916669,121.56868398769939,2.557156801482328,38.01560720402
1.0803492086793511,2.5057143892918723,2.98956965782,0.5752895878847071,2.188985938340394,2.34466574242,0.28663280498976323,1.9792742977311253,1.7603887527020283,0.8774082571851846,1.9362325192392735,2.7360213090399994
50.88665928183628,1.7250055523503547,20.9960345210037,29.60507222834957,1.8926501317478501,16.20587271406648,4.556408180807996,2.4973541145386484,7.422878045641001,66.88872794004061,1.795369088897533,23.837828136505003
9.797488410293973,2.528565188689698,10.857020008814201,8.003993875591101,2.5216641829401274,9.09098830515,6.037294923103103,2.7683089148488493,9.0452554301661,8.299083226851817,2.4126369177169638,9.592780410009999
14.034955572665954,2.082630621432622,11.3994190539876,45.678922293084284,2.031502908975337,18.90375052931,10.389228474727966,2.5640393009840827,10.68051946622588,25.12043646060691,2.0318675989281165,15.16008772683
1.6198675434168919,1.9958528370579756,4.083837615929999,1.179892988946134,2.26359443657232,3.5639881485423004,2.850475432762191,3.8890150520310955,5.64747551419,3.231266809344541,2.61071364093097,6.121513493310001
1.9225281724088714,2.0443213088838212,4.30896346507,1.0409330278403277,2.8887001620588517,3.4814048812389005,2.804409576822035,4.252677512073735,5.77284879927,3.6732802408664513,2.9027375477132535,6.443352728140001
2.0518600379339462,2.3448105442951124,4.713003259210001,1.3631822596996859,2.674422063115262,3.9283110351852004,3.4522035350001956,3.697930610835784,6.210948765538001,4.0568855730727,2.7449486549398707,7.02819805443
11.796950857799004,2.037755990667921,10.003854377804199,3.072436317694213,2.165114796579963,5.5383150147367,3.9065052694831577,2.7824714534636055,6.472752841296601,8.68569571392442,2.0718636510485924,9.100834307746
3.4282270579529426,2.3472673173858856,6.176789799505601,220.47647060320136,2.614624246000017,44.91956727891001,3.4094595939650505,2.1162197444351443,6.11976139054742,176.05587457602115,2.9269893573476717,40.437255303799
1.3673969016644487,2.3653614321633056,3.909646348630001,1.3103570547872672,2.7576041834574823,4.02243679960594,2.9013432262957224,4.448764141020876,5.758227204810001,3.0357835432034035,3.0876786674364824,6.0851966400099995
5.351337958371746,2.4101688328536417,7.711269831832899,200.63122818437105,2.1591241504134038,41.36823980232,5.871634610147771,2.6664822309589304,8.3800745455274,157.26505472564025,2.4102201076807237,37.202282611221
5.416602963392674,1.9524948631977792,7.263287416640002,3.0398434877494767,2.206009016180573,5.787952391103601,2.5365723170941648,2.218769135202076,4.8831993347347895,5.532647402878849,1.9027630766331793,7.295938735770001
8.081513444973677,2.2142741183907457,9.4920552574909,19.65755340323438,2.0682355779838275,14.55631780853,4.976169293964737,3.0963336249490467,8.067443416434001,20.312537329125387,2.104109335098779,14.446800199950001
4.087577887732324,2.48208164162199,7.000996852033,2.8322998021600077,2.252469485868692,5.233741877849999,3.406963680446931,2.2342674016758415,6.066404846273001,3.785177875347615,2.2686705912759004,5.95669802752
8.598281030612233,2.1926071700270735,9.5527943619823,135.470000485252,1.8981334212073215,34.44846704363059,10.839450593900164,2.586888227618491,11.2798998281845,131.3803458936267,2.043935578830255,33.683871207479
3.16305415064704,1.9466337765701531,5.16004562959,2.3149275722216367,2.602017732213742,5.230800494414519,2.617537131934143,2.41129827513165,5.284954879882002,4.271987899732934,1.8812550107436095,5.93731960831
5.933264485147492,1.7985089261446823,7.228483949158,5.181256292820452,2.482196897032307,7.29981092437,4.070855193065891,2.1298927923711415,6.174065666001701,7.73113021014426,1.806266670694433,8.51498087026
37.69929337853506,2.209975010785546,19.913334508019,11.951565796717059,2.8534318187898475,12.25448117499508,22.473695742282807,2.4354153968599452,16.697068766712,45.01076706291532,2.4792128968087037,22.393562458190004
4.6284832911276474,2.485283989313244,7.866862077240602,24.118435045419186,2.1644149738929856,15.345210480245902,9.630902657221032,2.3969265138899027,10.725492561423803,14.797858548003145,2.335074935267083,12.786188285139998
16.100406143824763,3.560398825701295,13.776239721993601,36.77430460980493,2.2555425773178746,18.578676533355,10.623642588995454,2.7282327132699105,10.965818599745102,28.58855453782117,3.319544591922271,17.656200563220004
236.56432054163142,2.9747848309628693,51.513713182151,68.56782391784938,1.7472195386487175,23.412583781101898,37.68170300006899,2.776986014249739,19.735645015101703,36.257900800792655,2.9909606015620724,21.355996378799997
4.9214814874676005,2.0809667467470656,6.994458448440001,3.81206251711072,2.22307350592864,6.404785180691901,2.9034605781690868,2.722690984799868,5.3823393677674,5.792531388972603,2.228773766925012,7.744240893950002
3.252589255456087,2.27449345504128,6.0511306091230015,9.913044501050022,2.354893043925664,10.2484412565669,3.550596454903844,4.198765558776548,6.656199362183301,9.178173491092043,2.425676812418523,9.882999704440001
20.108791002778656,2.3696568913594303,13.117444782560602,26.387751040780607,2.894693050360025,12.329245958785,3.4160456424843604,2.2923573203954515,6.363948154944001,19.968163607274743,2.8444898230452345,12.47167763194
9.32670478354044,2.18371478677357,9.472163035806199,8.429990128935609,2.5896557147463235,8.218582868993,3.4019518790951615,2.193804635006952,5.3989727782299,11.3863613547869,2.1282429025413676,10.067734567406
10.224060484467516,2.1582512005585075,10.6153838439,2.3908927537863063,2.125094053821098,4.9057619854241,5.9355221044787845,1.7134085987868943,7.889537056336401,10.909736724166988,1.8609014933449999,10.30685873226
350.58006799128054,1.8108303198944224,54.591336145257,191.13723148565182,2.0371387288198286,44.049415177888,35.27674995779539,2.9317740606296367,21.56708473087875,290.8630537217102,1.8601589565624241,52.13290842385
1.686087282726986,2.419732377915865,4.38523435826,1.6321326598915076,2.467325572777678,4.088205532730002,1.0593381821474863,2.3432245830598464,3.30248045659577,1.4600949501166725,2.271130585717402,3.9871335378799997
3.890262103885539,2.1619328203239125,6.179142906509999,2.14993386690912,2.2005227180886466,4.7112938141185,2.8931623995163633,3.0481921820571714,5.729338778659999,4.921916346993099,2.1468663239921866,6.726627626819999
8.2791595514028,1.6532108802139291,8.41156905151,5.906223160161677,1.775078190214749,7.1981623444039995,5.372211221456446,1.9384179012481628,7.243296487366202,13.49373128269453,1.5700888056231128,10.48994149832
23.41851275492974,2.2521630066869127,14.0171460623732,26.010639767784472,2.3174217924171527,14.903067715304,6.084258161616921,2.7517594185969756,8.2926080471135,21.63306624814693,2.3029968371369898,13.78675786298
28.964812543179725,2.191083855399517,16.4851439663075,10.195928744153811,2.752012061028794,11.0192049453244,22.419483972344146,2.5778655799277734,15.532138751098,39.85847453315712,2.4075598315787063,19.601564129609006
18.317683239194615,2.190171371799618,13.5447908758461,34.98230018092341,2.40827621775815,16.686713528729705,5.201635022772291,3.1916416461406643,8.97470608216,33.95034929394227,2.441886920708771,17.41819397478
8.360253344129706,2.351464136317675,8.961952025124003,4.639908416404582,2.382895633134701,7.123249127407,2.46461180947668,2.4009325710097804,4.785260998621,8.312693697128148,2.1341580341909703,8.85971861901
22.00983394018297,2.2762557530702408,14.9391229336892,75.07618739408252,1.7543709980097089,25.527240829916007,14.005373863484158,2.0561538263348114,11.4490031756869,79.14142217555977,1.9696274562954588,25.907125491953003
4.559553062504899,2.5453970304863374,7.298828008962,3.7364304703033397,2.65935311311224,6.00628985599,4.2206986756729465,2.681330308578394,6.809260569884501,4.822104296767742,2.6845558177967943,6.785214923690001
8.555750271086259,1.5959512283986064,8.330386871780002,5.079839688474932,1.6767830588583792,6.557770046976001,8.237963052824748,1.8277351235218227,9.0385432525672,15.585574506182695,1.5513661181667444,11.20562943261
4.866955828605745,2.0745244958423332,6.938917945960002,3.33345643506843,2.4206834942723505,6.036037495489,2.1663363112381107,2.3429178463072278,4.586172006324,5.239290469780142,2.0548404209480595,7.17894765916
6.576958317144189,1.8415875055782347,7.843513828980003,3.9958082487697886,2.3709761761562786,6.3117251998013995,2.797802038243509,2.697114949991663,5.6420478012276005,6.755929543265192,1.7872502243894481,7.923409535060001
4.0257227121733425,2.4074324380436787,6.6279516038173,12.176233755035572,2.516083452137342,10.9916277922978,3.356973909869018,2.549604129924518,6.5789285475143,16.78359956567852,2.499188008203499,13.002470038389998
4.012542620231526,2.5172379062835324,6.161105415370001,3.2720018241671567,2.438158785372842,6.0620324386842,2.9919090255007665,2.434843065670704,5.2927955749929,4.748028313898826,2.4488857956073113,6.7686625999
1.6174322135252208,2.108395166300954,3.565272477900001,1.0714969942538421,2.098887910577091,3.2573148788700004,0.5364243971838378,2.210703701156554,2.3594534911669998,1.3141471610736117,2.0121788478534075,3.411061773880001
56.76748056990122,2.347219093059686,20.365895901490003,36.81871969040649,2.2428140867905006,19.545704996930702,135.22327793681524,2.1350758079105656,36.86668084250658,67.67017655976404,2.3337891290611763,24.269512789820002
2.7271151167082475,2.5317915469100907,5.443087541180001,4.888947314926644,4.112250813482737,7.1632773881828715,0.9809813195559514,3.3305240849087143,3.7754129881966003,5.1373615414948945,3.6424029001363842,7.566536942580003
7.5805965388979555,2.431729925941278,9.8031640856083,9.540950422562585,2.919051259214782,11.039942344177998,7.972202955814879,2.0167512126645124,9.489829925445301,12.203545929163152,2.324739863440041,11.935620467150002
19.182427806672216,2.092617260306834,13.53774311843959,190.7272077046786,2.4713397618714827,42.94171374730107,4.563710608847091,2.734646215186117,7.632419801226801,157.86547280593294,2.6083734339432416,38.451494943003
7.04863981936037,2.8573912127844703,10.4480267712805,51.523729911803784,2.6651809649498053,22.308605501585497,11.639143463668626,2.0787541235195977,12.0463067112772,32.29357262512377,2.8586464857438036,19.2224096839
4.78832804247961,2.2458638613189246,7.520832990751501,23.476572930253717,2.06631019678319,14.475820329126998,4.907991823749729,3.1847041875184483,8.259072579138952,19.435388947963634,1.9309211812985514,13.059466851009
8.034203767121053,2.291281252381115,9.7401580441038,42.413604005473125,2.5988681268726053,22.3699725083268,11.91747828196998,2.091525327191028,12.045633690577201,30.919339946590895,2.3082734518662007,17.70168033218
2.6851650783303027,2.573065251011339,5.12678629304,2.1976440423617674,2.3435712125222077,4.31921265106,1.842946050323539,2.296452958523792,4.043944075028021,3.2418369128917974,2.2067569685114394,5.183314933300001
3.852323212580843,2.428121773443147,6.155249592561001,3.18002184199388,2.348132866426214,5.852508645603475,2.523862003309467,2.3734685867151173,4.816866275035,4.188546433009955,2.5955222535795537,6.52954723909
23.072295066028005,2.113183892760447,14.8816020495178,62.67912919178406,1.8025275026600365,22.879358129644,56.51616813876923,1.6872673864775916,21.711426855218,97.11742328319616,1.941698399724645,27.924586486833004
4.144862529232312,2.0596926371751194,6.42121135515936,24.691320807241265,1.7557378806725104,14.2757114968713,3.4467427892549813,2.847586679008969,6.746979192538902,26.707898237602894,1.7253753522975057,14.963513972896
6.501997067033207,2.075891663044861,8.964680131877,38.53840636092697,2.1398873487223886,19.368041850890442,7.880934375196747,2.15275348928806,9.947872976489501,21.91310697133694,2.5238282801801155,14.962029803390005
38.783005797453214,2.376331246229043,20.366530582399,12.077720847568592,2.5648020366572784,12.354822015240801,15.273636206456041,2.3970404638536573,13.521453991366798,43.24360979816099,2.4934663574258904,20.347834347956997
5.28972404812399,2.287429840768063,7.686557720827682,5.636292893429157,2.0971686946566335,6.75846070877,3.238382003116503,2.6338374733155225,5.751588510082,6.599334889937815,2.0219584178188597,7.0813109098
688.6454096094844,2.0271483235089782,85.5678671649,107.0257025462372,2.24789563625684,33.6392220967339,22.489441000696452,2.057708140953944,15.59240101123,194.87488603117413,2.5911807343213473,47.6460725586
8.36076409595466,2.768390522739293,9.646197894261501,29.546352074677866,3.8663225954670724,16.4662778658293,5.21274421436601,3.2254766574862814,8.2117754763051,19.99052218511644,4.196289080597528,13.969343034526
11.291345156085884,2.178786923049272,10.71547754967778,138.32609034921907,2.1410957058160536,35.618112254393104,8.24256828877899,2.42945672018292,9.416273757794901,132.73275376822903,2.30109389453929,34.5737460071315
83.7096203150127,1.866226475029539,27.029001901874103,68.30353257341567,2.1825004998971633,25.093366575804,4.987717549296421,2.1306284993321967,7.00904262080048,113.42599356478411,2.1320853414249394,31.923031497418997
10.07325694566897,2.470613879737092,11.434937462577,10.324446456506129,2.5406987987407623,9.940209946600001,5.604879714240999,2.1560032731150733,7.663878914397851,9.510559076938625,2.5179829676811303,9.63975568825
4.859489898864556,2.125049835311528,7.1911838562602,4.3001968445886805,2.2099148537016604,5.92085052825,3.2991137992429147,2.0537460100451783,5.9159422348233,5.061148541623591,2.2021336316852675,6.42533368575
2.863987294672586,2.6808257393868606,5.9054460618064,218.18383151984298,2.5817560417841796,44.80120391646,7.4645583421666375,2.2799613884479224,9.3974159728578,175.14373302922206,2.8647789595157414,40.39463351615301
34.044971802381646,2.0823835916729836,18.039770603648996,110.52448314793153,1.7427218118662693,30.272154729968996,22.32303907413563,1.8181085475061907,14.025659490977,104.15327368315086,2.0080097222362636,29.619332798726997
48.67000649222156,2.3125915998739797,22.19005055217082,120.64232368563782,2.40860993930145,35.779142889141,12.408994826702454,2.3945227778831706,12.771721568078002,112.83643662080581,2.458711984018944,32.90294020439
21.368197530391328,2.3588550378689166,14.477722506893901,34.03100770143537,2.1846301030395674,18.217605665716903,6.80886151425145,2.4460073769420374,9.376194806102301,34.85179934963726,2.200239014311032,17.075561587470002
9.061773713644996,2.422572513116885,9.268435190058202,5.425271256891309,2.537354451650977,7.459063796774001,2.346880564555401,2.2786706684412783,4.9286418365692,8.419345553039857,2.1089436388218035,8.77508842041
20.757242179508772,2.4699392382399052,12.9983838415424,33.71931016408587,2.1823917649756384,17.130334086377903,6.805484311200361,2.2634948021344075,9.3079694335982,38.916541820583255,2.514056846121975,17.142313530192006
18.645251360310056,2.4124530588635436,13.243026040620302,16.43423704462668,2.1145790662414456,11.585508853008,7.608438443546713,2.5149833790934,9.038250412128301,17.962873168147702,2.5720512369226407,13.46713296742
268.42781493372416,2.41019880565877,50.079189289707,78.85781796395482,1.8141712811550579,25.197482565591,28.116329772538318,2.1347711218287144,16.886918970926,32.79229196092297,2.711473066135341,18.873252005199998
14.524093628930524,1.6458844296513937,11.146200856053003,11.419649307972385,1.8938876381160603,9.678019454857,6.492187128852498,1.773247854680647,7.571012997387401,22.923970645027044,1.5794716347606856,13.962631823660004
95.71853349934396,3.3935599611515093,32.21111364706,78.62256256882992,2.8310812599720507,32.991610478736,235.0160598431008,2.4513556196741426,52.9857943906738,120.47759232293784,2.253610588610883,33.83757145793
88.42043042314063,1.8122847921261112,27.936046691765,61.41936320750911,2.258324034189284,23.549840853719495,2.9172580377710036,2.170118950827919,5.309179005461299,108.66681187272418,2.120946186582985,30.967962197299
26.817554072688438,2.5363835473868734,17.098695579490602,51.07203572580122,2.5001478780267283,25.454721134721,259.8379692666041,2.488725294953434,57.713573007151396,92.26580573860201,3.0415896478511755,31.202428443810003
10.582080467895926,2.3012289135029227,10.797992043490002,1.885668725658558,2.633724343628051,4.8870920044004,5.948872229320813,1.732316620828992,7.979001727997971,11.377154115023423,1.9330366653016848,10.820581406649998
4.665427386699198,2.090925207592235,6.862747343476999,7.28387016631284,3.3527445092503223,8.69699101388,4.680052222401888,2.8983971170885368,7.635129167184599,7.858936858384354,2.9934731798139995,8.425152892659998
1.6141125133235446,1.7718206072546994,3.50625171174,0.5461784261143239,2.7558426868141312,2.6328494613510003,0.6891531019349839,2.88394086997546,2.5054089752122004,1.1078569460470864,1.887791623575886,2.799989642080001
4.510380645181083,2.152068914477442,6.717625245910002,1.5150826282321623,1.977643912664804,3.5780504799300004,3.160409549510668,1.9617821830604032,5.189903710023342,2.8728630930200105,1.9155854019642558,5.20813405327
269.5043655046278,2.5551887953249834,50.829828827399,111.82816348622873,2.319783466048862,32.250740240023,71.99158660672967,2.2608628869519274,25.002385771045205,44.26436755566657,2.5743511679891355,22.739292059900002
2.5896196733358194,1.9712364845377508,4.8627061286766,17.433307648236955,1.5750697265366878,11.776240788391002,5.8650703671838205,2.666043158848979,8.42977654802937,19.118956503073065,1.5687531546324167,12.43223814421
93.29552490779572,2.309719176635326,28.8705803192777,93.43067537527726,2.3901631162887598,29.877183077998,5.133948209593529,2.7271775249248984,7.898205596892501,150.61334572133006,2.500693673887401,36.8722452091364
3.452955971352631,2.2730331222308493,5.790071983830001,3.070940728847017,2.173561763631713,5.316160487368,2.5991508846790965,2.7363223012627396,5.504256340435001,4.340073401035676,1.9924341994183634,6.2642159905999995
22.38265030071853,2.0161065196774297,10.837084666453201,20.45319905953102,2.1061839108778297,13.740493496921463,53.45977843105377,2.1453633991204457,21.030681472865812,69.067078374445,1.942316265318329,24.262011225574998
26.846879207812968,1.9649977378635686,15.791878619298402,63.765373556005684,1.7188097709566172,23.92887365138655,13.349422676684503,1.9884473512709,11.3109153307706,75.12819539335342,1.8921584549316939,25.629934551504
448.6929815196985,2.1809752340580046,65.62695972281001,211.28484174913555,2.124818247186913,43.69306428733501,27.553991935960802,2.9820437875754555,18.615648712688106,294.45714755630434,2.3173425123639233,52.01500030932
10.673044807553726,2.0955162256680424,10.471416624259998,3.5731869045179776,3.2515536874646083,7.133058156927019,6.020837960806847,2.285520945105814,7.9375011563868,11.869412778179964,1.8615122168586875,10.66593915322
10.300355870680404,2.286389274344178,10.52246741651761,138.02278438059483,2.0918605843339195,35.6271818933562,9.429605308363717,2.5967011154672415,9.850842567563902,130.3035433747038,2.257034068946479,34.2506525628985
20.93659163508075,2.7294832930096637,13.875963620622182,35.90264971255003,2.800517900658435,17.1061904840377,6.024950309475422,2.3002119922688142,8.0179329936749,31.41592109978826,2.902071501693646,15.76581971168
6.618727632067437,2.461998931160166,8.36094732023,5.379118656452629,2.285377723355344,7.503141137840001,2.1942637765264275,2.5726833499010007,4.594077067508001,7.502253482802497,2.3716959449468895,8.235922544340001
9.483310350766372,1.5052546436496423,8.64320336623,5.919211585205006,1.654791964858536,7.186586915551001,10.111319555801183,1.6811935454317735,9.736704917852101,18.209279040274133,1.5189236254813583,12.022556038230002
32.59014634907116,2.33832019437106,18.354068316956504,38.30408266582236,2.5641942115075205,19.533122690958997,7.069646835423379,2.4719292142056153,9.102895580791442,27.37284475677394,2.512298257923802,17.507548530368005
9.371264697091007,2.041195544939862,9.942644677119999,3.610541905471384,2.4811066540320565,6.344934137408801,5.10133912201916,1.7635663211046773,7.487450128205319,11.145806993146618,1.8330829657072478,10.581095025920003
5.524066124566133,2.3391519064924156,7.872063493852602,13.09608715584984,2.712765934919976,11.673917594231101,6.120020519100912,3.6321090852540374,8.4287955976488,9.548638399492235,2.9518743465217723,11.13321452341
4.6395090376749035,2.1285718511039065,6.63363827782,3.250885623472635,2.0351552953563847,5.44731475073,2.0261856831884812,2.2193223758420073,4.4231969145750005,5.502485642614792,2.2109606554116805,7.06255809516
4.174430841999248,2.2786084171136602,6.566832202154702,3.7260151541950615,2.7284789509641048,5.8690148206499995,3.3470804145918445,2.6904499697182063,6.604627107271601,4.360410327407463,2.817350788313539,6.290958387010002
81.2316540533936,1.9244382972164042,27.785018257667,79.62627042854422,2.3320137597982527,26.921413133083906,6.547169116878298,2.0782957124147736,8.035829406767402,112.37730076442976,2.176294246494854,31.994934814850005
8.028203353226663,2.9260403246158644,10.3154748600363,4.256751806637633,2.3652170913921964,7.048801442281001,2.3433203519191887,3.210414896550322,5.233716430708499,8.015510711206298,2.3486716410113337,9.00178472559
74.3709467132246,1.9102728907601367,26.655280060208764,75.09121428174204,2.2839726420724835,25.798151967074,6.606208130269877,2.130690900569182,8.264646578909252,107.5576696810472,2.1392743004582426,31.17802702437
8.515965771677909,2.299571823371205,9.386418107838,15.839600140216788,2.2826187204930295,12.137410453963799,2.4918423639955165,3.3068394806832586,5.9682320417841,18.41777467228451,2.1665816238443893,12.784676429738003
3.254385061788077,1.9645357804746433,5.66153801745388,17.0862093383402,1.639511262774959,12.18653203595,5.153100764474912,2.2022514668641926,7.683494110925501,17.326148523512096,1.6624433032388004,12.032545025990002
6.689124159748697,2.151579778379735,8.945217511872901,38.628689821073614,2.780787132277578,21.192300028070044,8.590788382721371,2.119369150684772,10.489862362171298,20.14823852352225,2.4666806464937348,13.79199928306
8.958871333220266,1.608922822077109,8.46654373214,5.649532448884905,1.7019203165162438,7.033241299276,9.05812635450024,1.7738473509318393,9.409504833947953,16.911662737686562,1.5472225012519052,11.6134920141
0.8708484822350021,2.6888968542024814,3.37136121849,1.036842039329123,1.9702510204196932,2.898811889710001,0.9566085915832139,2.7382563004426443,3.0990355225103903,0.8922946464975524,2.5518588090460277,3.09638248891
3.538585249410533,2.2997547700423797,6.512695779442001,4.452805143427659,2.8859720829602877,6.9356457503532,1.195167059963674,3.082547568280872,3.9400990219247007,5.448977360226116,2.6101945585670316,8.25864363884
7.007036016579034,1.7535050744737013,8.239049807715002,5.236299841206957,2.1433228099401713,7.125057366831001,1.4639693798903122,2.477711980173163,3.964240818803158,6.924633733329621,1.8780705065937233,8.333938725990002
5.529495521099854,1.9087055773680113,6.58003025659,1.991198598863948,1.996322362273138,4.36904103242,0.8286088192585531,2.4193385688339233,2.79610447080498,5.901410061542482,1.945859767669095,6.822134920240001
4.9306667837061555,2.0444217604740937,6.5253230587500015,2.7896791406718786,2.1361100831524285,5.190337419179999,3.613171265865078,2.2087126454097294,5.762515134641251,4.811326880373339,1.7821707860300329,6.57223900309
41.75397097615435,2.108218395998051,19.715863650929002,62.34513021907063,1.8195102969838544,22.80187326057,84.6320192823679,1.939227583302618,27.816343615773,116.36446543899197,2.218335008264507,32.04521436979
34.797141868407984,3.767207668514447,18.709979398397003,57.72494943615724,2.6027827819995646,27.845887678813,263.43427751554333,2.4124801899937776,60.319873676989005,99.25645819353595,3.179824725524423,32.46958312219
105.54930416456132,2.8695409536826757,34.497033868118805,180.20808534009532,2.6334837388310115,46.9869849601234,473.58320610761865,2.531316075850539,78.70649298760402,125.9091625575043,2.562077994564152,39.92024170814001
6.457659752922895,2.027420443192364,8.27186905964,6.246528494991627,2.03899203906684,7.889086560132699,5.598240642675636,2.3611882202604244,7.686843625996801,8.751570327463103,1.8548049718442587,9.5005003673
9.41213124764735,2.4978077291453262,10.924778748946,6.890842049708539,2.361660851189758,7.826590907699999,6.990889321003003,3.4840615314389276,9.2558806638102,12.232716536733694,2.9855411353653403,11.58006920446
2.5319499307161246,2.1490475291570914,4.760321360500002,1.0122931924309806,2.0424102694471946,3.188422142057,0.4240153578988715,2.1930584561732895,2.0374236557594902,2.147653570293058,2.151226999805708,4.4652884669200015
2.299637542498158,2.199226726377767,5.01335527684873,19.01062657534462,1.6380490367287686,12.725279119220001,5.368798410331827,2.5064714995938244,8.025033647296201,20.047291692165327,1.639813962171511,13.062664210870002
62.135566268614845,2.1753450798838925,23.732107828022997,114.57355514913397,2.2327561286096222,32.369720319870005,9.329543864048468,2.5701075017631334,9.470949060041601,147.45443059666883,2.465538367409774,36.774149782157004
7.027621616838654,2.5362308095669683,8.879560359152,3.89525999804428,2.552016853642069,6.520608325520001,1.59062870966306,2.6252956101344838,4.134936854549801,6.669412545680105,2.1791041018966655,7.75158280975
2.4803698184042133,1.8830377839930594,4.703545925910001,1.2732661634542943,2.129275509664076,3.2198956923816007,0.3682476387523446,2.4723590820337904,2.0631072463676103,2.282245825625018,1.8922283475124786,4.608665421110001
17.12578344142414,1.7677697818390172,13.2266675031945,192.99619025200093,2.2399495651490193,44.085509211846,12.87059852118289,2.6762123716876527,13.500960108895,139.9743128335021,2.45514473026581,36.67271768358001
7.766444300981112,2.168535431200012,9.092806809316379,18.87537035777104,3.0078666394712874,13.725613520418301,4.749871985101009,2.370650127130829,7.516902780134302,17.03966000825135,2.8385891294203347,13.489208324550003
5.493465565435793,2.7058518109557155,7.57862915964,4.126891273024815,2.7958778935961845,6.898551388296001,1.992004388248877,2.706794241563666,4.31075823206095,6.068841551796554,2.6335939149662915,8.113930919929999
2.2158370402634793,2.0874882178803453,4.87472695307936,8.590109222579184,2.473839866338921,9.421084753368,3.4141522991607838,2.88341697853464,6.034545098971909,8.51127491367791,2.3418511267422217,9.29705257148
11.63916765351379,2.6132901545626677,11.1040280647407,11.075325777186674,3.2092995016688852,10.080827207665001,5.439439847563749,2.57819508967394,7.7174302436755,16.36483036242761,3.355115172152696,11.812228804470003
8.125148123662367,2.3553799715008426,9.2425120973356,120.22786770301904,2.0256902683144373,33.17832831099106,9.18436742571015,2.4480154665000415,9.6761019424541,118.77195495782321,2.1703165561747473,32.572442105045994
6.29171299868076,2.0156199365805865,7.6014851299254005,4.149372973015256,2.1556286573347547,6.3275038878836005,2.0270436755343924,2.64373641119066,4.8116645920138,6.289074345265381,2.075112086941439,7.573692920306
8.897523514883353,2.1877901215803077,8.632313511814,4.920284309770702,2.935120235646744,7.735053872702499,3.99666222906665,2.939074408190027,6.636756294334701,8.187313795883366,2.3541051879077783,8.976249644420001
26.270206122619946,2.317574862003906,16.085765478365822,78.78066419285214,1.859042620992583,26.642171819015932,13.431973104102477,1.9744581707174178,11.17888538811545,85.17424422261702,2.1209588607246523,27.436236059387
2.1953062922837345,2.091276563457727,4.78958251192,2.339443204463031,2.862480263123037,5.121425939921,1.3905067062042664,2.4059806568111335,4.035464209008401,3.1359901952359563,2.660801883316384,6.0775257099
3.6224770712856085,2.333130541550215,6.050741418330001,3.069484918875445,2.452016129204141,5.606067123480001,2.073586442027776,2.321791070349272,4.407990037543571,3.9277705540683447,2.126306285796738,6.12519386298
6.800815407971056,3.184367367055154,9.581118461883198,15.780153259955867,2.6283364950603882,12.891460570509299,10.825617943026066,2.5803416187390367,10.389409112670402,18.905696519105202,2.3691280215893844,13.02375762318
2.9626909882721124,2.053502938864554,5.745771354813701,17.788324003106545,1.7053296502019784,12.410945963559,11.082942194678415,2.7877771672651055,11.32260341295351,22.36565675935191,1.7237756765687684,14.273014378660003
6.255105131698592,3.0092344654648726,8.9210076689711,14.488800658435588,2.551363446895914,11.922217122020001,9.350408797419304,3.1083381656066487,10.157917003139602,16.773549751752647,2.692075343266885,12.71886019687
42.89508471859518,2.312598305798896,18.17193376931,52.65700182412871,2.2122208602926405,22.3095081384876,131.68651965451267,2.065316114423581,37.272204052703,67.70548925212795,2.2682705121151656,24.028988350400006
4.709130623485922,2.3045403047017734,6.887924986909999,2.315913903099138,2.271573841045165,4.931213488791891,1.4682666557438835,2.882847194017568,3.90532932585442,4.639787034610173,2.209767831846446,6.7679758323999994
4.705642241030654,1.9958467557739348,6.798420112800001,3.921872026642665,2.736981352589028,6.71029237519767,3.1650282207190052,3.0247117835122106,5.7279870894950005,5.493390773546139,2.013376234180055,7.357583460080001
4.1315337394031975,2.0200358827067326,6.2649540362180005,3.3521168599247715,1.6596878444566834,5.09909309881,4.357232132744928,1.9509534794452452,6.2875512603565005,4.5639595708064125,1.7039076558286486,6.143386207160001
28.50639271009362,2.202450452257385,16.711440380420502,91.28084736917157,1.7901829763571406,27.624405253528106,14.06191217650903,2.4024517200726514,11.685602664211013,92.63678580165602,2.040099542872326,27.911959837254994
1.5069633230494952,2.4865176720167264,4.135668832315,1.2964350446177337,2.867164636405635,3.6916441864280003,1.7953758168091063,3.3957815347787723,4.8161657317660005,1.691845215902752,2.7604376883731794,4.29091697995
10.872281412772725,2.1992697805119947,10.3792946458106,136.94032420013752,1.9647259075079462,35.24878826746551,7.8560211921722125,2.5450741268315697,9.3280472259956,130.72433248002685,2.118149543964347,33.847676958677006
9.285715270076839,2.414997997226837,10.115894014996,8.82194384652309,2.902520132080858,9.89786900988,5.079077408944874,2.4437273288232175,8.336997891646302,8.388873551182423,2.507876791665038,9.179679462340001
4.539015320858586,2.401826553738909,7.1024932885970005,8.500520736703265,2.108282094247167,8.2734243253451,1.7806182515681737,2.0738765871852443,4.08788968962084,6.822571413606617,2.582418157277864,8.876542334989999
2.1787974043378204,2.6235595080287415,5.3397123356195,20.655568033415538,1.647017044121575,12.96360123994,7.770614021698313,3.006123326608705,9.94862671747497,21.69569466621953,1.6483082833475204,13.811575038450002
11.695662643247408,2.213228079957026,10.951916325822802,10.930422513905942,2.4392259543203023,10.56876867753,8.059446668827302,2.7141007667078334,10.839402813839602,10.758496555632293,2.196508574865368,10.08242127423
5.677039000986579,2.486968161403298,8.4376418335149,6.19486820822613,2.6799812141587136,7.817683543549999,4.535955585463664,1.991946749200882,6.8203090942245,7.237056253498179,2.579079781468578,8.195966038529999
580.1131906932785,2.6034208395432388,79.46494572261301,228.93419951293805,1.9686477525109833,43.9461438523887,28.174023232357495,2.5843257878442607,18.222271670045,399.4392073305665,2.5929368234784613,64.14099730529001
6.708394013213033,2.0546284530763534,8.208823164304,6.2832272711367105,2.332667364551071,7.93823834843069,2.804899379402685,2.5808365778897406,5.138119226095701,7.20646918509141,2.0990547258892116,7.90197966707
8.966879099402998,2.663552949078979,10.7511453778685,177.60434268758837,2.0375570813707142,43.652444773495006,30.673793657417143,2.248341082870163,19.2683886795603,121.22511666832422,2.2303022473838277,36.077601245266
5.300348068911719,2.0830935448021117,7.32583035753,4.179974694866902,2.6502356091784365,6.491905513059301,4.4786744664404825,3.117480809761287,6.979811407504201,8.208281645717058,2.335501507548536,9.359259605060002
4.253976414543032,2.3259489540076523,6.890998095677,3.3253529748431108,2.3456123408113454,5.7184085087200005,3.4351025247171116,2.521419530305943,6.340261857539301,3.9774470322373374,2.438682290720906,6.149126236
191.79147795541948,4.569405265273514,48.42104855057201,63.32945893380249,2.5573057609140744,26.511840949702002,276.0739578342033,2.446659571522239,58.6717899437303,148.0420604457527,2.2909651798005357,37.826283361920005
73.99889333534364,3.1553620165913965,24.055987815911003,56.969314895801645,3.512978055718938,21.086938984582204,2.1427175057989345,2.511527205523147,4.42522369992544,98.48475412370152,3.357808084753367,27.867383704837998
348.2933812595705,3.441738179256744,66.605280012886,162.51829660307823,2.3349886268037103,41.84477941031601,347.444477557873,2.753864339520857,64.696579381133,222.78067709285878,2.3437148198955375,50.829860791200005
7.355757838001528,2.7615980908635325,9.571116261273,16.172423651428595,2.317689115308405,12.363277931455201,10.766960426296263,2.5872211171381223,10.6802004087585,19.24219663876238,2.3563993377419727,13.17845644457
39.429988278821085,2.7751625476827426,19.596629100122307,160.24724687551455,2.5460663949338396,38.994649708,3.4333984631193255,2.4009981675032015,6.582555505674899,158.63996618433856,2.8968060069085078,39.445767960607
218.724050884826,3.5998205708357127,46.876415382254,63.5194030276777,2.691360988331454,29.488132428663,253.43999028290946,2.42213707924365,56.366765699115206,145.68178857409453,2.101457433424933,36.47653165819
8.903500692893653,2.0040172253401436,9.506492646952818,19.218314132083734,2.2829167424504795,13.757287074435999,105.3794466317656,2.1543434840829114,32.9455937853818,78.26321659250945,2.341819813919798,26.779153862366
6.790581326217291,2.2995392623143287,9.323564661790302,26.83515273337237,2.44368999719078,16.9141395139861,4.007279890291659,2.7909337823579277,7.5391022003958215,19.622749741762096,2.440451008253112,13.50817926469
18.107050406252753,2.0870459319093033,12.6162728255318,70.72116365714032,1.8376845080561661,24.0822192669703,48.77776439010334,1.7042876275101775,20.468609307672004,93.5523093612956,1.9771492347598012,27.894011190715002
11.759676993493917,2.1765270738371383,11.268133851990001,2.7617727291393686,2.456264593650898,5.596070378115201,6.441846491769435,1.8258209458473451,8.434337889956002,12.650031766952296,1.848952474015859,11.366405208240002
378.75503109371016,2.302559451272078,60.57297036027601,67.67444584750231,1.9523081485370146,23.995229164370095,23.667246463592996,2.2615777223448807,14.535946843539833,59.436042505519325,2.715951403811286,25.849040922500002
39.8977677034688,2.36155787915273,19.463591753012,15.582665149956927,2.7525699659362877,13.969532207961347,23.987364705974144,2.527612911500536,16.008189298951,52.39334677511272,2.5265051371240133,22.940104473270004
2.3090940070807213,2.3602712822348217,5.571785412553101,10.320239101681715,2.4051445290384565,10.212509975771098,3.007226828395585,3.022926903468766,5.699863572599,8.648103291796051,2.4881770784657706,9.50090699314
4.463794715181487,2.648156116292375,7.1643491592464015,210.36822270046395,2.543827634769999,43.786431147970006,8.253931784815038,2.419402524660722,9.9652541473776,171.6092995462715,2.8112110904719163,39.757586342737014
2.961574463635451,2.3570976567075195,5.71394681923872,19.94484466820613,1.7304400704871896,12.790725769777001,5.454057263085061,2.438659681532848,8.152277919900131,19.718861308844843,1.768082215136367,13.035630816029999
9.714703400636933,2.2514549380466646,10.648223904373701,202.33029623006877,2.2240231876518544,44.51142002535,6.895977383461191,2.2112327427439955,9.2892224622844,150.48555509926436,2.4943212655485847,38.388757772055996
2.7298240051360545,1.99367889201235,4.940827995900001,1.540399145387923,2.6543629819740238,4.1600890503116,2.5126602255072283,3.3975603339186895,5.676013668750001,3.8814927643132613,2.0473547012267472,5.8391280312100005
5.487907672603876,2.7660468533167375,7.8664386565867,252.1506611634165,2.393892422292143,47.893286398200004,5.713531589799342,2.278313308473293,7.907546173020622,203.1001610493318,2.6377874758441053,42.939770598051005
13.98434770484685,2.1484144102374745,12.534652056748401,196.46543164273209,2.1912601975017028,44.44040470264,8.900162634351153,2.5569211528622056,11.367723696713702,137.53981811493537,2.4447785767155485,36.965049424650005
7.476510243307521,1.678139625015556,7.309735145270001,3.1793828141868863,1.9183261243564105,5.257868881836002,1.8886850050462,2.396342246651055,4.4116441237043995,7.551110803777573,1.6717408904817717,7.820433707479998
43.40832073374005,2.5682015545262638,19.129440124756,39.00941068122994,2.371195751718162,20.6647539229268,160.6904032900419,2.183132607299105,40.712496926877,68.14871014049305,2.4390337291446986,25.413896686050002
12.265824512748058,2.747708205826338,13.361446886947999,11.502237067566126,2.067165748136252,10.64878166908,8.404528038091213,2.649483811949172,10.278830262560701,11.356892537282304,1.9854714013314858,10.928593979810001
2.2395988355036205,2.197383495288513,4.56913593266,2.9312377396409484,1.9771072849099813,4.83883608843,1.3308517797538422,2.1361423483787982,3.7163009125388,2.4253587554223914,2.345236032429272,4.512661701769998
6.775767592410391,2.138670030021994,8.463657733113198,5.727872816262816,2.6959736444519296,7.299072001300002,4.505582739875039,3.459034406507429,7.8471407867693,6.8571865693707625,2.8664804274187707,7.624215693900001
7.364692833137729,2.889297793093929,9.595027537640801,12.809121650242668,2.8222542872825906,11.566480380331999,8.77839712039292,2.8882497972609587,9.797985983122,14.516296172740335,2.5140849013392668,12.04578479105
4.192585110892508,2.641691101225224,7.336405865343602,14.078943715198125,2.5088412122250356,11.985649214013902,5.205811362552137,2.780797777854338,8.752169270459001,17.890886685358833,2.4436576452518692,13.481583367019999
51.81203211162568,2.13009570825045,21.370885016499802,151.31448709150285,2.3795427882001876,38.9483180559201,4.685605531515484,3.0140598120453674,7.834483108490311,153.37999103547668,2.4661730952554644,37.390890461819005
7.79501315520992,1.6352782007555842,8.08825339048,5.3755366781984595,1.7015654639143936,6.884809963825999,7.3058548322090875,1.8533169380578074,8.486979235821302,14.383304362624926,1.5611317504039222,10.838749238390003
4.460986723350947,2.3837921955253285,7.382947082612401,5.001279507325346,2.4182442722447783,6.83658624554,3.3519225574758336,2.5917771170261856,6.214839175376601,5.74415614208391,2.3786545143436246,7.383443139480001
14.756504109273152,1.9578255557065354,12.950702874828,203.42461803977872,2.3161614613293704,44.79532414389,8.924299763408447,3.156573706256089,11.913201370335,152.7491288588081,2.589628560786717,38.814318217920004
5.171218486456698,2.1008128729493363,7.8985460047491,21.196460317898342,1.8030796360973897,14.2019975833295,14.567964195717758,2.8611352749968453,12.660035870954498,27.923221573471988,1.983497146082356,16.47051354831
59.47255857016613,2.2752818931706726,25.035466978035,176.44855839340684,2.2746673611324097,44.359388675988995,24.533961929375515,2.386067813786652,17.251271795638697,154.8652829453844,2.4869981298156802,41.50553195962
80.52286988622407,2.020831194111711,26.191870724432402,95.94814360074079,2.199776434765847,30.200088592707004,3.986029834369341,2.8529068074019035,7.017235084469701,133.2447564832068,2.2505405087502854,34.236142225399995
35.78684374328083,2.0385206758169034,19.1232654647441,19.981045353473803,2.5624778357152174,16.716085222372705,29.644021816101947,2.9639411182474213,20.6159808471403,65.61599133713212,2.242287660451063,27.349555706440004
14.644300879798298,2.767101321102927,12.502677843626902,10.963977451337223,2.1463066787724143,11.150176594280001,9.328504968467684,2.2935602390324994,9.6540044540973,21.10862049862765,2.3227297807009113,14.47525909122
77.87148111846504,2.0081877582687864,25.5126117511318,88.4260362338641,2.1909562147470374,28.1397835184627,5.260113527891064,2.8088044080778234,7.9529153274921,131.3942128767457,2.256170808026959,33.792264108492006
3.4226330639886697,1.950685182691283,5.54026396185,1.1507165008264888,2.106001319259623,3.2383852432240006,0.44225516328942927,2.0215778607788213,2.038776841752752,2.7271537453285273,1.953777709314839,4.96226094041
1.3079358906464063,2.743673663104776,3.34852021672,0.7316945972508168,2.344737053260134,2.73002438507,0.2336826972253593,2.2367037414361417,1.5727329849150002,1.0029413108911598,2.362680854615763,2.944220004140001
6.890006500686693,1.9842887164050353,8.09121123972802,115.85474059094452,1.8630839387712637,31.939817307064203,7.935317969753032,2.2325730332403446,8.653338789321358,111.67191545258041,1.988993414834443,31.036607760663305
14.127244682557635,2.4776032234335363,11.8873022276352,135.24327702578762,2.2323689813664727,35.381446902376105,6.372322486521606,2.998643924476158,8.40748255015654,136.73001404685704,2.4152022815768186,35.480137446844
5.058324072747287,2.2364332525617825,7.411106524748,6.007221013318795,2.9031915742592695,7.881389566139999,5.0140745495347145,2.921821346239616,8.1286947922945,6.709945735205293,3.729112378623519,7.8469808868
12.87091035075485,2.097392464143225,10.231801858785001,2.602033280998081,2.283679059234392,5.2216140976280006,4.368663657487472,2.395388750378308,6.229974202068311,7.984852815560522,2.2490844665553187,8.84308761242
3.9298376724865927,2.623998517889932,6.323574558860001,5.969808630923019,2.031970919539824,6.823710021770199,1.527511217698595,2.680248672714644,4.0826760316483,5.635757592213688,2.640855875507078,7.919370076430001
2.819200396578156,2.3628874604963115,5.738137481665019,9.346077456425482,2.399348922896962,9.796622318791,3.6423153717652084,3.1537432557149456,6.928405306987,12.632768191283839,2.5667152390790924,11.27559125401
790.6877354042829,2.118044523150803,96.41757389850999,185.77637094035066,2.00050876504695,41.706689295093994,19.694448808811302,2.395812103770031,15.501955364410398,223.82168116695206,2.592569502311834,51.956046443800005
10.928192191588225,2.705563701445885,11.32769718346032,7.73504775640819,2.000660723961269,8.34025215378,7.61587066397928,2.9415387447272474,8.881236463867301,14.215230203668375,2.215126480535673,11.447278132320001
2.4466910441410747,2.5420305236359604,5.6759702589553,12.326964393573208,2.8781610528248374,11.073941619980001,4.673715300882621,3.0738487311616276,8.048069453551609,17.66584276670722,3.096416672312116,13.5139103766
147.23765797329415,2.647305911967965,36.181736649499996,87.17305327975748,2.4136592869989473,31.676473363689002,306.71209522520394,2.3709672554843797,58.9435397742251,136.51840567766678,2.751816815906054,39.589469252979995
8.057709099087209,2.6642576456960616,9.442232775985701,12.42721473674975,3.0908863767461905,11.548962309276199,8.195602898218734,2.2683679750088097,8.420812330795199,14.53658982700549,2.558580135125175,11.6462911252
6.081445693261287,3.229194716743681,8.798292855904203,10.762963509118974,2.4631112674475744,10.301357716611001,7.116409959665321,3.177211365314341,8.544809976343942,13.282229883671539,2.507114046564902,11.11478038932
32.5126767242973,2.396827971524836,16.853764416348202,32.526995833421964,2.374579269354039,19.095668852277,207.6426258956329,2.4636184011679054,46.597461080954,91.81350376916848,2.749290454593506,28.724011557330005
284.46192067174957,2.0458109974610617,49.675941348255,45.44585535331867,2.1935651211857974,20.1469881228934,22.793730451128873,2.3043916581584694,15.396444429235498,55.1096951198169,2.4690877633843096,24.3888733598
83.39898716164666,1.9153569807336743,27.696219914252005,69.83955488776976,2.3222134302724067,25.363988813456,4.08446460087982,1.9095224581947199,6.224196217334691,107.96119377047144,2.2104805156611413,31.419889853990004
12.707550427679207,1.9174487188479818,10.43931994717,3.518450545212172,1.9111692214914318,5.6290823878492,3.530157688984205,2.0039933496624704,5.858042612931,11.897827451010242,1.8407057216192044,9.53062116767
55.81567009247311,2.4927187818778864,22.145166715454003,37.898330296668476,2.024003127977923,19.3976978131168,7.130537807498044,2.689856191410976,9.353681312276,36.53222907335953,2.3890243916123355,19.70566504596
2.384280412381891,2.1480631688928726,4.7816881678197,9.082846309131888,2.0417686272306304,9.166478813100003,6.575896509520577,1.9740079006874063,8.26834480270004,10.155360660735337,1.9202215337593915,9.171315685189999
60.48131892949109,3.2771982506092305,25.223772395283,66.18332650287232,2.5330426524214618,30.224778249603098,216.65026245974542,2.1901847873126927,51.56538123721,76.14755098836326,2.736307145717675,29.227909425020005
5.226921689360083,2.2860376752741733,7.6519227448441995,6.788463781044664,1.9643514956752752,8.06631052116616,63.35086953885116,2.127059920005975,25.0161167175743,54.69442602693776,1.9889896837302152,21.784103019731003
1.9719726632202428,2.6986122103307677,4.56016359072,1.0337814520458484,2.40709780851384,3.4398857208317004,2.154164807858757,3.800408110237003,4.844088665830001,2.719437501363143,3.326593206199031,5.90695798572
2.1655545115833417,2.11967388546966,4.752545031460001,1.7458417374398003,2.3227826695806333,4.0357845428495,3.354732205603733,3.410749075629055,5.995781707842,4.215485904381366,2.4276744326426742,6.832649791980001
6.140263101581082,2.354037940396369,8.8762114616169,37.288519622985646,2.0726193383012377,19.2653210767375,12.518021619109366,2.176939649037015,12.584294000660202,24.80829547422325,2.186273246041382,16.213625338170004
8.237370312474045,2.3588719092953148,10.529328937725001,41.28197939434607,2.1884193993310026,20.442413211739698,11.825486639300891,2.3283740818968357,12.530826356327701,31.132050131999627,2.2238236552641375,17.881889147520003
8.00127788302311,2.367962023746461,9.17650386197708,127.30537774285979,1.8985283936487174,33.977525371693865,9.641263898107612,2.5939222974612326,10.486347528217129,122.36033467294786,2.039384469784011,32.912050791876005
3.8839184946603886,2.9743007341555994,6.8067278362937005,7.455625539304694,2.3216433563801115,8.474204800119999,6.438443863193312,2.3832806644919637,7.5971800828016,9.076929973163882,2.325920153307787,9.14947452935
5.277195586461644,2.161041581967434,6.588378396709999,2.0623985954236517,2.111607127128802,4.03149745789,2.217409983628058,2.222633587065565,3.8088893738028005,5.9150298280565945,2.05873129982725,6.614830125910001
17.534452412844004,2.274302715763599,14.3333935234291,12.597423056425926,2.3293479242715476,13.023466766422,11.28861911010342,2.1992766053666375,10.5889490206042,25.019001949111946,2.311938507137789,15.864055662400002
6.579413278405129,2.875256779343191,9.591228437537602,179.66312820197987,2.0996088631884864,43.362963253525,30.13391129197787,2.4493512581756716,19.061484439059164,124.38539237764842,2.2388189192278265,35.884514268282004
10.361041803284598,2.4238206024172513,10.9985344976992,7.688364751187676,2.9242016623658675,9.2475476792,5.8486524373752475,2.372728728906315,8.09096783802992,7.238379552917327,2.6323869822270134,8.819628757659999
678.3410093051984,2.184470728086118,89.27801616792001,201.98558488790442,2.1420366697886046,45.015448513724,26.185558967429778,2.7949809839346567,17.2879910583844,234.53867672185498,2.631067547017944,50.584256182600015
15.777116088034024,2.1596766928024462,12.6004185941005,33.27393721386647,2.292146603444317,16.194982655868,11.578113788381065,2.7600431793810416,11.991077340813941,30.952316307781434,2.4514260619685304,17.291003334528003
6.382107630344342,2.4153371267484256,8.357752963249002,4.551273538315071,2.573359285923696,7.098532525329,2.083965370841626,2.2651173534735185,4.0823317474223,6.715557725805669,1.9606680709575641,7.924675086090001
33.49068107221365,2.58225682980162,16.885788821023,47.320680398862045,2.4076089703584365,21.678532759014598,142.90346816378275,2.1106992166875505,37.4807907944227,62.95281320185696,2.3213565799199203,23.591150421220004
8.437619134101986,2.183326183430082,9.277269517819999,2.672109563010228,2.9871352864723737,5.376376363170399,3.912156760922909,2.3058954560488654,6.949423982099001,8.170857669693063,2.014889113850285,9.063441519380003
9.39568553432987,1.6582446947805185,8.95623690949,6.147209039656246,1.7911284262347387,7.445003535364,6.167847025532886,1.7106966144136535,7.4513668029338005,15.319824046903014,1.588907346192413,11.196261428300001
145.4213787449243,2.2381644435783765,32.03958933144251,50.40767704029274,1.9778670841078305,21.504449267650003,130.44547474032956,1.9911392479245666,34.95608245270087,79.16232375046212,2.1706833276867945,28.485722309880003
3.583791068181764,2.1366947318669838,6.152409997609049,9.553677011639735,2.3361054677416275,10.456929203822002,2.887408935754182,2.5334459510316667,5.4389980453886,8.796089416549586,2.572397743486762,9.798376053160002
7.316575514484683,2.452951980362251,9.00156564814002,5.169658027410835,2.3883522350812583,7.700200350923001,1.807664667893394,2.310604531125761,4.4182990997829,7.433980512952418,2.1877444070433514,8.19798886605
20.05281089309099,2.378093640009907,12.8200695284125,66.77817786506655,1.8367238915425042,23.235864271976503,81.57693016930378,1.769233429485475,25.944742131044006,106.73727465807833,2.074174568201344,30.360640915858006
24.886719798446443,1.9307420055743791,14.932789604495003,63.839029728275044,1.772209175415183,23.115290007095002,56.9163787177618,1.7533945414731396,21.807597367518003,98.86865858556122,1.9474378879842633,28.418468225689004
7.449768746913017,2.1150834625108343,9.4474949192395,28.886832272714354,2.7633066922059433,19.9298825795602,9.101767304934597,2.1913681741338933,10.9285175522925,16.43832067329272,2.3239889302661947,13.802794587160003
7.0726972629439375,2.7957233288251233,9.2387758670328,14.033161496743048,2.377919232951085,11.50224445916,9.739051227854254,2.83414893162956,9.8988462434034,17.26534663944986,2.2703860063536596,11.83943941396
4.375862110408214,2.0518037488663756,6.32374969487,1.662677107207126,1.9723253331587405,3.49077838897,0.5406669067111872,2.291953796143952,2.16463511808045,4.198604198027196,1.9140487298006241,6.03940866412
1.3546434599237036,2.0948126313382693,3.6174689346899997,1.3182025489571787,2.579567064602721,3.9898166336525507,2.587625557103343,4.046965908692512,5.327903567430001,2.800644623474141,3.0222430339462685,5.49462495861
4.7743840364385965,2.18847196101035,7.01300637799,3.796114976362456,2.6056999571079063,6.3795371841169,2.5740907143963434,2.8727468196552035,5.143069432137201,5.485052571742083,2.2714111181167547,7.60192916069
7.87808609895618,1.567891985538341,7.995455364180001,5.129673836293655,1.6341904873974809,6.52756436011,6.65988988178114,1.7682453339922464,7.930967967202102,14.153896533697397,1.5540175918937,10.707061575340001
4.560753308530428,2.006203980277972,6.1768017745599995,1.6453752860460331,1.9831155455941594,3.69901485898,0.9815632057147099,2.1515690644801118,2.95089757696622,4.933488661184584,2.022826508491377,6.62914831362
4.4861157886423415,2.2793973582195717,6.839755155830001,3.657317709834616,2.1919577231030503,6.158029312131999,2.7513170269529974,2.416855353233532,5.005330361818901,4.938361114274608,2.2135318757529867,7.14003646137
1.5337499944873998,2.204389766599001,4.029030587780001,1.453486708153769,1.7764822963983424,3.50926644277,1.2847712698020217,2.2669501635627687,3.76230474699461,1.2464745926571124,2.1305761573692066,3.5658483836300006
12.815865037605297,2.2458431392361513,12.079309691892401,8.249104643116132,2.812473928542421,9.4599196661701,7.4368677508197845,2.144791821575229,8.952494655612899,11.31040784974996,2.220480005576589,10.7299073635
4.233536633490613,1.7693636487166564,5.821605901370001,3.0116668673158866,1.8837988636773655,5.087643433959999,3.168041393176746,2.258452400499435,5.40561966958205,5.417168514875744,1.8355958601457947,6.81397544166
437.05776923683527,2.4331632930840064,62.608500775764696,296.88836778016423,2.346873462935884,56.29213071829601,24.252466818077185,3.0559750228310456,16.498021559327004,411.03638821326484,2.484028252002974,63.814250947539996
4.906494772358379,2.2952609137538627,7.254485719307001,3.0452374351129334,2.3807995784682854,5.3144525392399995,3.19985205406857,2.6993958052989204,6.2952654282123,4.09862962942425,2.3446065136918195,6.088733324710001
29.051457787362402,2.895055740278109,16.15109263024,12.546620091362113,2.7377630725833413,11.8251080616871,21.85213589817861,3.0028542480247027,14.471998324558001,42.15785189501303,2.3374054810565754,19.42734220391
39.884701850410785,2.4120396625740423,20.466619944807302,173.32549876950458,2.286650832137801,44.759990121299,29.739862704988933,2.3182375358953276,19.213768762045298,148.3408435593548,2.4961005979776933,40.542093089030004
5.161445009391748,2.1222384214019705,7.1541957734,5.763428643304777,3.0268708399695283,7.71751185169,4.721866087727436,3.320896224536651,8.3152368759499,6.285031589266188,3.1328768616343416,7.561211488870002
20.91943137868003,2.163457534828284,14.115781227081602,39.247277152358535,2.093036927227412,19.147731691151,7.123175082645629,2.5330366058281166,9.254379151093502,35.55283584028253,2.1621926211385167,17.742039934980003
484.8928128196244,2.4886735415569516,72.48266560393229,208.6574562501823,2.218023277642206,44.809432523919,35.102295590139434,2.5635080909035355,21.44999196015,250.42379370034814,2.2210189319554727,50.701100843300004
9.776336584239292,2.287752159727944,10.642098641873002,193.59388429240872,2.229144281606691,43.92334842643599,7.004875635099543,2.3493180292339217,9.562452278168301,139.10765835692467,2.495755981559114,36.91942521022
4.999442004530403,1.9626268446647663,6.901735267590001,3.757326894291789,2.2918947900346316,6.63544502108887,3.0586828431837625,2.439040537160742,5.4293027070780004,5.639203289924186,1.967488192685081,7.4111525390200015
111.38622596057829,2.938383064824096,33.992764415786,81.72701360546368,2.71754270478029,31.409293761511996,363.1577804776556,2.521266576826349,67.049770604869,110.94106593855221,2.399719347693515,34.201854365619994
11.704878727516387,2.4661316309271526,11.952627603969002,7.852370806378718,2.5778224169155037,9.00706590395,5.833898944719354,2.8909823013104043,8.4628363928426,7.677179878798808,2.418541617329391,8.941366462960001
8.045574628529149,2.5662900091708325,9.1455207136891,6.977240518588436,3.08017154870084,8.81777884265675,7.30317274238232,1.963727171338239,9.0070928511206,14.441660278488916,1.7903013575661333,12.058871031330003
5.034740398490399,2.4482093182174656,7.685183578512,3.6431072488466683,1.964852235233814,5.669434849410001,3.92050303230806,2.1745326665122064,6.738359010314501,4.7174538681255465,1.9361874965564254,6.248385046209999
132.81221626621738,3.7723057773919315,37.306719083606005,60.044156726346536,2.631249506426651,27.756129544734,192.2892985197072,2.552739980757237,49.95562855281301,119.50522981047916,2.2124082637699916,34.511891401350006
4.132516245577796,2.053878960718324,6.72580312039022,12.867180963404058,2.3055868029349567,12.0448780470409,3.030137749196419,2.817749557250646,5.8645211654274005,12.393284800911141,2.6545010788729697,11.58783697115
2.561138160605098,2.3020518359989834,5.50075961175,3.4155785991487084,3.323329481009852,6.50260226904427,0.9295529832671339,3.0237655051614647,3.4489224289004903,3.8767929992857013,3.0857216957128597,6.971936203289999
9.376974943371806,2.0339991005106346,9.765815145620001,3.9722687394034324,2.211794482086875,6.00781236584806,5.519465869831916,1.7933649073594928,7.656667597707002,9.9480496715447,1.8223969104794626,9.62177746742
7.876646553301124,1.646377411415204,7.895586044709999,3.933940612318854,2.080362994539591,6.037049391139,4.200746660939285,1.8427842573526736,6.245866653438301,10.87324790419262,1.5471203041815857,9.208724107310001
31.910705591925694,2.5162301753376006,19.099903546245002,181.10339628316234,2.253916150404745,44.410691491615,34.26730432174573,2.45325645122349,20.473769078011,145.37538934554215,2.442160449048974,39.83441829589201
6.262890308251485,2.406586308040084,8.065439332534602,192.73831600636842,2.3045921217671688,41.34727589728,9.44465965206988,2.3840820418591275,10.673717390585399,156.55009518863002,2.59040937045858,37.655994117795004
91.60387083030632,1.8513821934448997,28.450360671122997,58.43340742183906,2.1342044132590816,22.836870483661798,4.545369458350423,2.2162688561834742,6.716305371078301,110.82767720002127,2.0671677602720218,31.294758652726
3.381115307030894,1.832137593491644,5.00898276686,1.335365708637291,1.981425168521291,3.4068404388499998,0.9159492917008176,2.2996379215737526,2.7717501159769204,3.453523765734951,2.034553280397023,5.049086225070001
5.06894494824401,2.2248865595812815,7.2957683714697,5.4541479288677035,2.583748777182838,7.120556227280001,4.392967281212875,3.051657898862815,7.8654117919833,6.27032653618298,2.258531972825945,7.218973854170002
3.4925419613631683,2.5691234800227902,6.28893958268295,9.281224776488068,2.424258641822499,9.526154260199998,4.407791491864796,2.510246958541682,7.5180142089759014,14.404858862745025,2.2921175342395896,11.60388584847
15.499344502577646,2.5240783345250684,13.380042079439622,11.076895664625571,1.814256558115003,9.589012427399998,8.914122323801381,2.588134398520506,9.7499685897077,20.620707442049742,2.0757500967758107,13.499239147459999
86.79462006639135,2.3488313045165237,27.643462124549707,97.85508561252419,2.4392455533488913,30.410916173913,5.0833651705602225,2.953644494867153,8.122641380258703,149.5735595304569,2.5261586477358025,36.478138031054
32.66437164129696,2.228060697491487,18.14840120534689,16.11852593422788,2.710591459674828,14.883152824498803,28.83207520546757,2.351230980001269,17.312710034020505,45.457788743363714,2.304964079953934,21.263216601049997
250.04491758526734,3.053018704757314,46.360301409085004,100.97339208556367,2.3812634514238455,32.77685486655601,278.5514601704408,2.577145110378081,59.68670548879537,187.41505535684252,2.243658157251428,42.56971214858
40.382466166453085,2.0027034898141336,18.80153949712,48.155206128555236,1.7912840707533042,19.217844786265,79.5640840474887,1.9593557542502407,25.342915635860003,99.47710481682218,2.3235971754149394,28.139642472996997
18.57044210391549,1.9456791739973354,14.615028891363002,197.2955913708163,2.127005183871101,43.508804974182,9.948529138447727,2.485982454467104,11.6123435074994,150.370181764675,2.3236755177968274,37.640633364637004
2.7344433080397765,2.1161164508739567,4.57093818479,1.106463883422479,2.1061946612387232,2.99219819183,0.382245545893908,2.03312168623114,2.0046029068284,1.9367201538132313,2.2177239651600695,3.8752674904400015
30.550169901425267,3.104242384746154,19.541689002292003,43.84011667883496,2.35266806808373,21.7445244400713,6.38893278466055,2.3094664008792893,8.703048899772401,46.835890793545296,2.819877987151721,21.897357130014
71.61037391021168,2.254722910347198,25.475265912067897,127.62797587051446,2.353137262832456,35.1686494168112,5.159801462876062,2.827801968841965,7.9540574526798,149.88057188805,2.502257669300691,37.37719010903881
6.229179793659561,2.0891422986205233,8.137941064550601,95.73103480539,1.7339532630580852,28.72737761065045,6.8221970674341135,2.094087662162243,8.20978266902473,89.13251908504057,1.8529568198726658,27.335529911050298
3.244436880183737,2.6090719796932316,5.8854476489000005,3.2698166438084457,2.302198643076167,5.622139201299601,3.185786538339727,2.367125420175645,5.748570785706001,4.89732003403145,1.9731483148120312,6.614965074460001
9.348379512576969,2.822569282965682,10.625828414473501,4.826224266590548,2.2131576076767145,7.193079150080001,5.329314586223452,2.710162005554423,8.1027286003527,9.114249673925622,2.2374675028806883,9.39443857761
4.175223054496269,2.177580809603906,6.5972085341752,3.9336801222616202,2.8511572913464,6.325147787049998,2.872155127577055,2.805414855135619,6.11061391300646,4.323318169447282,2.853984823870717,6.14853277097
4.63839665392692,2.210840644682115,7.084207314973,5.70521314632278,2.626411054248799,7.567595603879999,4.701789033396149,3.169519716321594,8.117391796934719,6.142448975519134,2.522643147389291,7.584856857469999
5.775319885472823,2.378838287015387,7.832776657146901,85.1465225037704,1.6728654365731237,27.061512793906296,7.840534656486858,2.1276826403095885,8.177617556677271,79.69588855833021,1.7756830856771217,25.787237857715002
696.2724346163861,2.0021499337935813,86.77430435240002,135.85239423290471,2.084488840741156,36.938526809083996,23.824019625581982,2.2156692603832737,15.7106692530348,185.76732293712567,2.0926527391751018,44.491330005600005
9.562683847290966,1.5739709821839525,8.947962117390002,5.104717572866823,1.670943491547004,6.676247172660001,7.641891986719908,1.7813072462876451,8.633484077490282,16.01152431775661,1.5519615575145063,11.5071511363
5.188130787974556,2.2299940972409784,7.491586665475002,5.46830469953556,2.0759976665448114,6.637941828760002,4.468626977630974,2.8174508736113024,7.14338076315215,5.982203210541528,2.0805672084419813,6.682219206320001
15.142204523598622,2.563667049454096,13.5268596965753,8.014616331757763,2.626491695257469,10.228948872130001,7.2473203163829805,2.383492986246895,9.25512988415005,13.502943467365691,2.6252872930405786,12.463290932480001
2.977235588756737,2.32309801917092,5.48806151726,3.0406630054359622,2.3135095161636765,4.913405021647999,2.207554577456815,2.935413245842885,5.2554811707499995,3.807852918950205,2.0111637918744205,5.90510479174
9.19094301520998,1.9838474571498934,9.593798037787002,10.834982021769656,2.3791426797117294,10.391448503003602,5.729572489386252,2.2181923175217184,8.34372772304538,11.143208867135158,2.1737896051024324,10.65707338055
7.71881910442423,2.1888327679001254,9.002017708114602,133.94708079067334,2.11935643628518,35.10046919887291,10.751926144224953,2.3692853504334628,10.250116273532502,128.69309099090506,2.284261214049814,34.064206088272
1.5824120785449887,2.220531890360028,4.153116549300001,1.4978104248887614,2.567353509104745,3.7938576324103,2.9477206117235495,4.247284222946308,5.861530384833001,3.2190872978411162,3.0913948537712037,6.421013791179999
2.2214325170159586,2.520705125407002,5.1349009186800005,3.7470180365535684,2.2249969655544612,5.761396114947301,1.8456846176269643,2.238561448411996,4.064303237965701,3.553894757896939,2.4009229455717334,6.33477610754
3.9020062758005962,2.3018758823731043,6.547414802464951,19.475551001586872,1.5913866383016853,12.4182828889562,2.705002870115604,2.5549698736249518,6.0261204507917,19.706650957359024,1.566750978576894,12.663718639723
4.469290685564663,2.240053880789316,7.111028539995099,3.667731196177699,2.937140274125466,6.491055281390002,3.3962581504252034,2.648873638331742,6.2591395523735995,4.475634387544373,3.216539981753386,7.201825574800002
11.397856326056848,3.2701926449838346,12.21084909660604,7.674729280079504,2.076035140647384,8.77306889647,6.202717945040691,2.7452469025696637,9.321506761024,12.734144371804687,2.2274526217158686,11.417570352659999
7.889874310622088,2.1846826693024246,9.633815051805302,17.64891690342079,2.5765368062603944,13.653479018268001,5.3935987843755955,2.4702800214742906,7.986242980199601,16.81043153621459,2.477900155449995,12.971009044959999
31.25989159869466,1.9825564959086002,16.43870902829537,14.378090416648329,2.8042882448606408,15.503705378486,33.2948069230525,2.308917876913727,19.526252947761,56.95951910308097,2.2489657604931184,23.101926164360002
7.615148722698601,2.317743088837793,8.698597173695997,6.38947600768712,2.5030376287992975,8.218581372324,2.705076291602087,2.338870876744683,5.16143623824262,8.430218670813243,2.161909434759613,9.10130113569
5.442068236776313,2.088952441257862,7.369338879800002,3.256684056342055,2.1731823056967974,5.8859027023853,2.681855561069879,2.870857222181585,5.474993692003001,5.763397543095348,2.0802418087656074,7.62307564133
20.763411560972827,2.21359985585186,13.0140628565559,22.466137255890708,2.663593128241163,13.717080124233002,6.169056330318595,2.74663723054611,8.433144530467303,30.769613819470827,2.4239863277376195,15.25216228583
34.762197288177305,2.1848483055449655,18.4279912951224,14.933631768252265,2.7214139644542303,14.248531027467223,31.739214207209624,2.4872136227926593,19.865987964826004,60.883169767972916,1.977147050456864,25.040598653569
744.4461959176654,2.193959681855175,88.67139683548999,214.28045718864774,2.162617460105476,47.096665707422304,18.258217581157655,2.625091267250255,15.7234709129722,237.84078129290475,2.4111555088821612,51.254311469123
11.190870125327908,1.8037877655441228,10.25780028119,3.280832969108014,2.455512266048697,6.139836359558892,6.321372421247375,1.8452531604320697,8.0061422969824,12.676834165131744,1.6354503600019847,10.67348783642
3.724750597302368,1.9017976323889154,5.56054528652,1.655997493809852,2.171644463927239,3.95012517261,1.4046999518309733,1.8251278093751295,3.5088952148146304,4.302319090606907,2.0670958055212463,5.926524874640002
5.424590525124485,2.201382013583372,7.667321223474201,6.9763392233584085,2.800058320960635,8.106623190050003,4.725284192360098,3.0503837621323404,8.2605600768706,7.569409052789783,2.95159329960224,8.07145308203
5.0179521805221565,2.121819387695473,6.911237470079001,3.320846574606224,1.9655139776316204,5.31651394849,2.478964232508776,2.356186296949908,5.301304562542701,5.307582796315308,1.7220936225657226,6.426867158550001
76.05462860172844,2.299298072123504,28.919271065985136,179.11010926174964,2.310240360078512,44.77888233467401,23.703309610158065,2.0871634429023533,16.5310295468594,141.96443887524825,2.5874897647256754,39.734347921729004
1.9631649334766679,2.410255504854922,4.84401681516,1.6561823358930685,2.2253547538552128,3.62555062845,1.9395003923689191,2.3829061872215163,4.56920029903811,1.5085868278022088,2.339984399870397,4.08265802018
219.16508842194554,4.237109369782415,46.163443983361,80.53814523146865,2.5455848559169465,31.596325822084005,243.43608934008984,2.5708578274633265,56.10090544967901,127.48331051766165,2.2669434645797892,36.759195800040004
3.340717449441244,2.402149919390108,5.80536118899,2.9891659722794452,2.150706242810796,5.330109979332001,2.62041261489465,2.647730145882675,5.4507950137000005,4.641038161407099,2.0923007883351565,6.345346458230002
2.275335661812748,2.4203511967758478,4.93762315972,1.764754856596198,2.356389178498403,4.2978850022468,3.0014711269858236,3.7424657194037216,5.52992945261,3.881238991685124,2.5521624203855495,6.730791327790001
9.258100953492939,1.5425185252995637,8.643049186918,5.385158669038608,1.6502509935186516,6.939160441370001,8.916330448610744,1.6087514264312257,8.8708589537486,17.18786474659249,1.522419941894544,11.721096013010001
4.326458073932586,2.280732057683325,6.54971829079,3.963133580213293,1.9977053234939433,5.812291776918801,2.308100608097287,2.491268904880053,5.1731418960330915,4.862597608609415,2.0618311982827358,6.59396379935
7.458487345595879,2.3626795060574723,9.251726934416999,6.510833175384379,1.996972624994632,7.553417088055999,2.286725990552685,3.147961182668428,5.34666255795929,8.850969860162959,2.127030460732535,8.915200072040003
17.68594643062243,1.961706752677123,14.524733660604,201.87489930931218,2.1885598870254115,45.560666107020005,12.371381016196867,2.0850128631327633,11.885814321603899,148.62983587668418,2.422347080471287,38.41451846512
13.997844525439831,2.1258477289118725,12.1713885081,3.614519041749734,3.085332087601025,6.878931397760001,7.335900506385426,1.642761327686833,8.6555184644751,15.48570099669973,1.8371037270377322,12.375455214979999
2.7213991988587076,2.3641516451843643,5.405229766990001,3.3583294702265896,3.1953065813398607,6.221501820314002,1.343667775500547,2.422995891949922,4.03841157987,4.251780444669282,2.664694495587214,6.727735573480001
3.790378141361024,2.519675057312287,6.477735861948,3.622581475628556,2.1336774073743374,5.85315527944,2.9921328745659905,2.1842509891333317,5.177066203421839,5.185928476128618,2.085465149000983,6.81218709786
3.9426873638929743,1.8972555713931532,5.849953458900001,1.142086194186881,2.1556452253682696,3.04433477322,0.9775785958694451,2.680603718297489,2.9183058517593,3.355538402288017,2.0101565894891302,5.224219819590001
17.027604320566535,2.35698789495618,14.461747449782,12.564104264136352,2.009779080138422,10.425124441339,10.595083266864515,3.107636788869942,11.5486862771922,20.35422429498606,2.2441735153590403,14.087853639166003
10.772227591594254,2.353091245828169,10.970556448538598,9.674052294315107,2.4748955471470446,9.96594783538,6.980259792477206,2.669478229635404,9.923038495484999,10.786652797922414,2.096047497209995,10.390594296589999
4.251074601392284,2.679446262781494,7.141090525767,222.47032672389128,2.5437438827207997,44.61093308704,3.275946229309082,2.4797163825729247,6.3850352509212,176.79046246850936,2.8448600677737472,40.09788732516301
4.656362720968585,2.1375460055663202,6.893843678560001,3.966097408683261,2.343250319677472,6.7050023758015005,3.012753301725103,2.3953850460313513,5.271246386745899,5.242735139976189,2.115032019512763,7.34636349516
5.184670515939507,2.0988466815881672,7.319711082290001,3.2609707752662134,2.6438320386964844,5.7585071228197,3.5049681122602294,2.3789948894333404,5.9986886626576,6.271569765904671,1.959997178300806,7.879238928830001
4.235846941601351,2.3516342979321565,6.084403417880002,1.3785784476880147,2.1282134741826075,3.4193753723,0.9656467420751724,2.444178730875311,2.9231258285634003,4.160614326359232,2.1800596755104156,6.22083742221
4.683356336337558,2.050530021050389,6.975940457298201,15.141156639683308,2.4761228826578208,13.563317436511003,3.134728454284547,2.5863901584321343,6.151826211633301,14.90247129719926,2.8936566961200167,12.809197169960001
317.3069649369853,2.0879732037700105,49.2930347231949,87.99331266834778,1.985500936351889,26.632325525117302,10.879805760032763,2.1819743245747056,10.7330628361098,156.80777589826928,2.2410209912762893,36.287453311901004
8.452331536243822,2.174422885995164,9.15376698237,3.638891949710807,2.3315882287662495,5.653019575231,4.294172067937427,2.3227013650459236,7.235294498156399,8.021710907700673,1.9016503014026818,8.9609482679
74.91530420931755,2.250848120657907,26.8382805089142,84.0061780048708,2.27880162672023,28.964289948761405,4.837665321902675,3.709072926154872,8.2281554630717,123.35375275103506,2.381763417151212,33.981213711500004
3.247467125154278,2.305075691181592,5.880317816211001,5.240283638823843,2.0698845786083035,6.347204420503701,1.4501096665042714,2.6585535281510353,4.28139379577,4.058273965953754,2.2066679066230774,6.203119496269999
21.72750814543094,2.593673211594772,16.855717854357998,187.48868665795936,2.1835717373007744,44.866556515462,38.68405577422816,2.318265974721306,20.402860034053003,141.29461455190767,2.477442931492557,38.52943519581
6.251955600329258,2.8259471000038943,8.288238147171002,28.31222865866721,2.2360436011599862,15.2967768033103,4.478633411946561,2.5126292117776083,7.693941751137601,24.29141881336236,2.2727853992896256,14.073089570138
53.44179223605936,2.4249995727392912,22.658228970492964,11.836549746546066,2.7335778591689297,12.4547107951597,17.173654445044157,2.721327826052806,14.672069274506502,51.6780648134036,2.6810829320818796,23.38974760064
1.34391153066387,2.4487445210570273,3.8885073075900003,1.5107724422325002,2.2970566840856628,3.4703788101400006,1.0059962914000404,2.303030476924282,3.4046265427038,1.2109180517974854,2.4252461227048046,3.5340817160199998
2.6509422757290744,2.675033528190295,5.5205769012651,6.215815650492634,2.963566442954862,8.74512042883,2.5229111483326507,2.933255067351281,4.7086503111521,5.998708947632023,2.8013860462061695,8.27963387655
23.482444943228945,2.4055104495489665,15.687799886772401,25.64542194387922,2.6930930897525767,16.350225876802,5.580782373323483,2.65200896152752,8.7874437480021,23.205159199000366,2.4812945763508356,14.08661523508
9.662046327246475,2.7079330485510464,10.521402644114001,29.801885955422325,2.4003081540392808,17.7757381071198,8.820896247788559,3.023245013943969,11.7424929213383,23.880649721306813,2.311082129995046,15.063095463140002
11.774294331436682,2.188264515549696,11.776806052478001,10.831904182647794,2.057546525987463,10.778753783560001,6.923381724414741,2.435884873073061,9.2822525074581,10.750293853021574,1.9261918718173328,10.496900894940001
51.28677790419018,4.153635511453404,24.128256033208004,60.97781073078886,2.920769509516904,30.09884961990941,206.29512685368573,2.8562795232541593,56.75932238197,57.02470116987833,3.678491681749803,27.833852036380005
5.08545651263331,1.8310530671382057,6.545267184719501,4.313288183229002,1.7289053548531221,6.15653823647,3.080423410378569,2.3878481336741935,5.817107378924401,5.9616782434949185,1.8443688326294505,7.14610896126
8.356481267750127,2.9014994740232507,10.105027487322499,11.987360511221647,2.633198459117822,10.750381965497999,8.480326760195123,2.261710819338252,8.564149759271903,14.690952346195303,2.562202004361381,11.4535548512
2.1874795921397934,2.8775987115567245,4.5988416591000005,1.973539426104408,2.1368544128883173,3.8456095138922004,2.5618829875611784,2.447490518628884,4.92544298845,3.6181209440318787,2.6760941351080896,5.66979959638
6.076734401904126,2.665933686715117,8.443285098459201,11.129313261677238,2.7933542073199833,10.994458406161002,8.093927356638654,3.449274289471286,10.019642047165501,13.599899970026366,2.457058521614403,11.184818139930002
16.341797005008655,2.1826215161592906,13.560715133865003,13.23219356605714,1.8992876091967967,10.314480367631,9.390864985362374,2.79097998976303,10.041163210996901,25.65700784616597,2.3045551522152254,15.264558896789998
69.62903205922171,2.095145180181296,25.71799066334766,54.81577270969177,2.455596746935398,22.49932092161,18.98199380509361,2.1803303970949246,11.25737766269256,98.49395188384742,2.094074395502437,29.689029261290006
4.674482388774326,1.9070279026000683,6.701431808828,3.5426256555201237,1.8849182958433537,5.4791152075500005,3.6911135146790963,2.279760299395549,5.6694522931239515,5.290400362230054,1.9184902525918202,6.916325973310002
8.583321700091835,2.3709423222195523,10.6607606654133,43.3907004649946,2.294612763350249,20.252198827807202,11.488879370207204,2.3159322285138857,12.393433446069249,30.962175605205072,2.6236570066715075,17.967331842910003
8.248241184450105,2.4142305226186767,8.99163679501811,174.56816503859702,2.6190231569013807,39.5813007615151,6.558587225869742,2.6198128785050137,9.0342097640136,139.05277691324187,2.7379200646530673,34.803148767771006
53.97673879531048,2.358568602067904,22.474727064404,18.11449708107461,2.5770003399880403,14.1836634199808,25.132757049665248,2.132125964173479,15.2401828766052,53.348476739806685,2.7521040532713803,23.320837785240002
11.478492151938223,2.5622369682407853,11.733146098072,7.346024038618322,2.318166184243121,8.53866494765,7.470033139675785,2.7967614299985404,9.3896244882862,12.716336820315844,2.414032301009906,11.71973920875
4.500003707571289,2.0188965393102682,6.7267701095798005,14.599550785641451,2.567697654105247,12.406267034846831,3.1431090148333447,2.633620053005669,6.167738122203,15.51951745769929,2.5451446659346173,12.45045662301
23.110381050507065,3.8062169026152453,16.1229645704557,47.773142316553844,2.3077409047948825,21.166523370044196,10.24788717263848,2.857353377981092,10.658568242139498,41.736244935890696,3.0400607415650827,20.324391329550004
4.776612505234909,1.9157620174450805,6.4739832820200025,2.242418453692741,2.1033725559554317,4.46752273882,1.0464571434548644,1.9537528095832943,3.2439641418308702,5.4307127975295275,1.6892458575964902,6.73881596253
12.144936444019239,2.418596942172965,9.9267512142711,4.2773375521952754,2.6566017684890864,6.721565432779451,5.091861519524722,3.2516998510013315,7.886811291695002,9.034885497287469,2.795635639311758,9.692528507359999
3.4848331489119957,2.128118052667676,5.7107504334999994,2.656405061247482,1.845359836257582,4.934680279530601,2.6338300932222447,2.4731307840876156,5.48809893983,4.368211167745684,2.2035121382175853,6.4512486111100005
16.31729232680501,2.1989306974444967,13.872376744343,204.68545896603266,2.1669393021128833,44.705829749120014,8.583634947798242,2.5980445838895876,10.224889233518502,148.65009710912665,2.398636024053844,38.450590470357
28.915300283836963,3.20135316694693,18.061204656971302,33.521384278530626,2.116416181183483,17.6020071109136,8.254082687408436,2.3897998691281197,9.4826963073696,36.5261730996693,2.997887345202448,18.899134136009998
13.492477602257335,2.452023162786055,11.2047620773024,208.08441478058467,2.370923193586662,42.97489075428,2.8210454488713754,2.4505404549675456,6.122333042897,170.69661298523476,2.654593234523472,39.457520043857
7.159305970269612,2.7555130297036157,9.055468556195601,6.246551981781328,2.4481168510341513,7.967349810157819,2.4061915495648174,2.531321986296745,5.0550120483641,8.39436684522224,2.2257778280917724,8.70111656577
3.1505351593208393,2.240432227223778,5.567067224030002,1.4865286293148525,2.29815042074127,3.4021042876518997,0.9251262126174147,2.2511004579225578,2.8728588592952002,2.8366421701363276,2.5154244295398938,5.2627578042300005
8.011547748237977,2.4967577835014745,9.295257911497,5.183964316000357,2.3066909748985003,7.1465122513059995,2.4304836256298765,2.424670683107089,4.919400054991041,8.472857526855758,2.4440790247942994,9.053344537930002
12.879244780308008,2.373797435968123,11.243490791402271,28.23483328737845,3.127823969906322,16.8269390597602,3.9769751294188764,2.6776132666161416,7.2729485307129,22.242599718529597,2.913256500424306,14.60220780148
321.154205292486,2.171245168643822,57.965668272552,73.3774844029833,2.232881722994599,26.690437449039003,15.633766895691647,2.2667980227507623,12.512460703791902,73.14557316738357,2.368846486933511,27.871500074880004
5.681101100900301,2.0363040754558814,7.498897462400301,7.272640369737734,2.759520197391801,8.647734443320003,5.004140043958072,2.8181197459712357,8.043834759568998,8.00359276616717,2.5326001782788725,8.469102436390001
6.373538902487414,2.774807214898888,8.47980166153514,10.215111123699966,2.699870625819437,10.032756275853998,6.741601448282407,3.0137978641971523,8.172299116600502,11.474622772739185,2.5311189589266756,9.84693379026
7.639270099825761,2.4275519381598194,9.81982704416376,40.79936978597082,2.1159528230033997,19.670090975691302,12.849183405485382,2.397497630816088,12.574543215475298,24.3298327057072,2.7591809179867433,15.551707586840001
16.762358949682877,2.0050851322599446,12.294835757553303,50.78428402325339,1.7181103696964712,21.082141461272503,13.269488031398689,1.791634684252807,11.047725137527,60.565428093397784,1.8223549296673294,22.645956347363004
21.225847887105353,2.985280423403163,13.67321077192275,19.732840840425833,2.9160793862445002,11.153350128301,4.363391689505539,2.4325128449605673,7.667378394707401,17.58243148515294,3.384713205017684,11.862938735484
2.5774104988553175,2.6126978253441444,5.4378180707187,16.845574698208978,1.7134855530342399,11.869258763043101,3.6668039129255576,2.4284135460057454,6.698324123892002,16.92498777779013,1.7283304793612502,11.956872323210003
3.148337265488716,2.2525146865949206,5.934367670852749,20.416395449620016,1.635606033937675,12.677685853336001,5.7730043693233,2.635566743859638,8.388952044989999,20.951847030071452,1.6447410986393052,12.947752847541
224.14568753476087,1.9022192453647933,42.87096786349401,41.68673067299558,2.228617103311401,20.443205634599,23.543009922197488,2.1111356466234414,14.62646361257176,57.3625467739309,2.335310913629961,23.0020259196
38.97577673399458,2.2577096024418366,18.580859404319803,90.48349697528377,1.864574609671541,27.358421869173004,58.240358773431446,1.7886334639438164,21.642324554373,117.23241926230455,2.112725030666592,31.505696525169004
2.6833447719621515,2.3073656996357164,5.04954242236,1.6883262534739747,2.1207086999863525,3.85693496243345,2.6871448155613717,2.683894050411292,5.535786772084,3.68046806869907,2.244824556381191,5.66836744433
5.013485671534013,2.6395636073393303,7.394726088025801,8.417850439571655,2.3612423728379355,9.5438908772478,5.960949156752084,2.836522029428557,8.361920297042,9.310041876475719,2.2967025870873607,9.301960503530001
449.87589469417765,1.8751240440670434,63.1280271932922,171.27476118978785,2.1133884281833777,37.199350368866796,33.18948090879793,2.2380954904332957,18.842987718518003,301.6815835864466,2.4738276389786815,54.86332345392001
336.12857867473895,1.9623751341660487,54.92700670110501,58.24641233771608,2.761632780885623,22.9555601674849,15.142822293007011,2.4364841210456314,12.7155972794495,62.945013598321,2.4773738380195782,24.8995755297
3.152343336738851,2.031611386814753,5.489296449580001,2.7232228158725102,2.5941535002889724,5.5371384612906995,2.7463435551837794,2.8773249251566093,5.360392007628301,4.111642752751953,2.2048848611163328,6.4085321460700015
9.302182107556481,2.3947351876882537,10.3182670211577,6.98281687828281,3.6199754179501027,9.25029635413,5.141356881548927,2.233635337826988,7.8081631634973006,6.701323774574654,2.8343909375322984,8.96511166785
3.2776081690486882,2.369774640429339,5.76349924174,3.532033214873119,2.056248112236244,5.6155603821596,2.851941030834663,2.4274599951396993,5.341653973300001,4.465018519928594,2.133703338974814,6.254558181320001
13.047476699448634,2.665685127620463,12.3214174805249,189.66311588948014,2.2045229733198815,46.59963755444001,36.91676939307988,2.6630061582711213,21.356029907256957,136.72527447053557,2.311951833615183,37.598138232714
12.309255095934816,2.215260939562235,11.0654003815436,139.32446446508743,2.1413046014588444,35.6167560748064,7.359057685461551,2.6241318958128774,9.099276457262901,134.60229264587724,2.290766990970488,34.81156738649
23.542270297030203,1.9898308690470183,13.0314556525717,31.295382215091735,2.5725385825070948,17.197255014026002,5.450827644426005,3.3403513801889466,8.8375464380007,36.135764768796044,2.45284960409578,19.16604089799
3.2643189421359637,2.375831600883361,5.791727540439999,1.8797202581290064,2.3147021012493862,4.509812796003101,2.8974642552931957,2.146557714146367,5.4127037245,4.694888257768399,2.1184555001678693,6.566570529640002
4.792391158405607,2.730834466718792,7.347313682494,6.492479191697065,2.719327895087498,8.01209476311389,2.676602773274414,2.7562612650596336,4.6862164625795995,6.416802558967175,2.5125078324420396,7.977897649860002
66.12679197412069,2.412732090554869,29.306258322001003,180.15489901193604,2.331621289957309,45.737674515916,29.72069663747434,2.356670357465708,18.9916501601306,153.00088318628588,2.606647374340303,41.001605715574
7.227997641319895,2.2057904891534363,9.27574109052824,35.33865263849566,2.4488307305295316,20.711943773448503,8.48667430592457,2.321211832865086,10.392997830534998,17.73553094901743,2.426976610844131,13.55166336417
374.86635009104094,2.4998416900850993,66.16246394887801,73.6245820728504,2.6444347067309164,26.637483568483997,43.72772237878511,2.1837735442733024,20.22939775048183,63.624539719284414,2.874869641520795,26.655754398099997
7.198508440767237,2.245189632184391,9.1770999744136,4.876515512772768,2.1381822215950868,7.268303449470001,4.46173601939425,2.5369239023153867,7.613426236368701,7.381199384727142,2.215785578786855,8.92488845973
10.16347718109203,1.7997024951456086,9.487190286409,7.4320664650588695,2.1222775537171827,6.9842212373002015,3.626187810755861,1.893616371274108,5.6943984375406,15.4120549414003,1.8947728596455575,11.26922839226
326.67193250952835,2.1222870704446146,57.51249614851001,40.63757622310743,2.1923947411837643,18.608360215325,11.149962093579123,2.156486844369586,11.3403516172489,54.44304920726817,2.4043887649419995,23.973801926280007
4.540807148195934,2.0325858196422324,7.309415141453,24.391219751832796,1.7245324344171855,14.753728605041479,10.256844938480793,2.785592751404168,10.5622960040577,27.239924032792185,1.8589308745663982,16.52019021888
15.832673127672994,2.5566971123693802,13.614293470581899,12.949773791886372,2.0985044712109353,11.812566838824,13.08490912933199,2.267837114839797,11.213700078569502,21.147174138942507,2.3303081105295025,14.627999915419997
12.416467103925381,2.279102060823063,12.0866287448907,10.055722480370685,2.298009279206825,10.966007142359999,6.838289806279008,2.5850769415121944,9.004176678503402,10.89786876107026,2.1768302578066203,11.22310635517
15.441272202405449,2.122617424185287,13.2296807368589,186.45573732799176,2.1720022318958683,43.077083244086005,8.618104479900392,2.0996332400429574,9.979140769843758,131.39467446894906,2.414845891987122,36.489485542260006
42.564084361886515,3.544906798330648,19.720604292347,51.70586276824749,2.2938061574394597,24.055062739764,211.94202778849203,2.318345057521877,50.311480737113996,73.24664814027213,2.7955801887674965,26.923606994260002
2.435231621199569,2.2803743503249327,4.462762637179999,1.074026092522232,2.029020972552709,3.215187982162,0.2620506486207242,1.8693922240673604,1.4640934021143899,1.6117494669887615,2.30490304328751,3.5691898097599997
57.978853943140095,3.320894173479348,24.0107787047372,29.72417356685387,2.1508581744597715,16.20100345959035,6.299199366581571,2.4101066861869724,9.1393292620829,35.17451838831988,2.615236262553996,18.8417701795
335.25053784754226,2.5492845996368,49.923361081146005,60.73104879978032,2.467406725211357,22.7849956791094,22.61276053260817,2.46742961172428,14.155095297879901,117.83204812103767,3.0141279046508687,31.730255011798
9.690986998717065,1.514290321606585,8.774960874820001,6.398743286518835,1.6769024828799495,7.353765266590001,9.193429332378946,1.746904119083806,9.395106275948311,18.19283245265774,1.514857774431592,12.12508485827
4.873938883216125,1.9102645886755263,6.893023383889998,3.899746775313173,2.32813692642846,6.4232867065183,3.2447614547872257,2.9841728160455543,5.8484715408470995,5.336401713527418,1.9592533072997942,7.341636733580001
3.6605826568910045,2.2222785641455824,6.13001506818,2.08914409540359,2.1167937028884976,4.2336415969593,2.4928469002924745,2.5783480240589727,5.26982733773,4.540552432498382,2.183542728252566,6.521257708429999
2.830654829231956,1.9831209798729739,5.329135505710001,1.4234055763936,2.5400849229539553,4.0383816421644205,3.0613753054977604,2.814451032233794,5.37576204528,4.506898397117858,2.0294972150009354,6.60627515488
4.188904778690587,1.7602036750219856,5.931008706419001,4.319309069964957,1.8652516597318454,6.28194314264,1.5163730341953,2.5188739512315097,4.078515347028491,5.729243198109613,1.8155434909467574,6.835421952589999
1.9080941174095822,2.556180658047929,4.57321944125,1.287719800333523,1.9114468402746225,3.4629288024000013,1.5272246855139744,2.161201734511235,4.0344163879298005,1.5086227190918664,2.3285112513155335,3.9711846351899993
45.762078935681494,2.5186175852082395,20.699267651575102,35.26870018210514,2.3826528382416954,19.372236726291703,204.51313722398496,2.2851317555550925,46.287476696405,84.41737057796817,2.479932999002957,27.358102845330002
4.459449640042331,2.0638463697646685,7.2518332352399,5.33725044103996,2.436852119348453,7.1384440292899995,4.3811422342348445,2.4611644495914438,7.007559205721099,6.3341027247294415,2.3273563669459802,7.566151531289998
10.334522966861135,2.516304700472786,9.6828903260639,102.36277489239944,2.266789768105377,28.723506660273,5.0542671810863045,2.8634137929684593,7.468305578720122,100.52647397781939,2.380704717075305,28.109607241369996
4.223485049733159,2.290344458532127,6.228272057174,1.6518261030297468,1.9667261604084458,3.8708931019100015,2.9096827528969973,2.226132161386339,5.4160045334543,2.9990463950775896,2.142760251689981,5.53856127869
1.8986254619400644,2.0865673505211317,4.260904403930001,1.4058665604189684,2.4521223845804028,3.918701019269,2.497113060418553,2.871229622607487,4.893488937367001,3.445674825986262,2.2679379292340296,5.895285340829998
9.154352197032022,1.9351575926800482,9.397544705265599,13.41293368685073,2.22210903301502,9.9750931870369,85.69245396545463,2.1389799670325518,29.446131953938497,68.58551412415844,2.1100743601363607,24.801142659566
8.190052554169803,2.3960964738547554,9.509944633179101,23.02369027036657,2.0248715678514597,15.4250799338929,2.6236713054355545,3.016006195280977,6.166483411388481,20.199303694215992,2.0787436658953085,14.1574068908
8.223524387340955,2.7439978972531955,9.8962388924688,6.999944171619495,2.0849203110070635,8.23472277383,6.704531714397495,2.6220477197750145,9.135210659654401,11.534522145588854,2.1465957931906203,10.22062304209
14.062024891564667,2.324013896558013,12.291175868356998,131.40416570730514,2.0261786522911795,31.65177579357,10.536235387228722,2.2964331068275277,10.364955963526102,93.60480796467004,2.161568772932589,26.474945669729003
2.138646266018046,1.9516580278723272,4.5211487229,0.9087015188408142,2.3995369869156806,3.1010593139599996,0.4087162186756606,2.396253204325763,2.035164852920258,1.7016996539098588,1.9787237011584433,4.09098409073
86.2485678035492,2.438509407561285,28.265574435528105,113.8408659195677,2.481988915986086,33.75977019608031,3.9627795473659715,3.0149836886797052,7.4617402312381005,147.1205370117538,2.6449634329219593,37.31565333293101
13.070651821864837,2.1699074828147635,12.017215923560002,3.6869195388713685,2.638613949304438,6.7275943187131,7.595814534756732,2.0364382589415233,9.202786898938001,14.336927465916554,1.8902964151123338,12.191888891390002
5.250118141623696,3.1215146098664404,7.7315870821442,10.938540038697397,2.8760113266996425,11.017342817597898,8.002949283836209,2.6090239580750088,8.796872310107002,13.364004106841227,2.6735355581399247,11.68844970234
27.77359221808739,2.4055685402706417,16.0072148097432,39.57226645659459,2.530425856647419,20.7488441698359,5.989286857222981,2.6920372195506466,9.120210650775443,44.44379200643464,2.428026704119774,18.312439589070003
11.65214686258883,2.5256314426287494,9.845000216550002,3.979098863033523,2.310661002838566,5.50483413845,1.574518983959673,2.4328847637578455,3.9421288009606696,12.68536304466983,2.477486145335334,9.891646424020001
14.557033881727776,2.308019503357864,13.706533616589999,202.65147972617723,2.197052563979393,45.39620610334,9.332467926517806,2.355763094465759,10.922932644499001,147.4607729764791,2.419523317323067,38.654214440347005
152.05546964022548,2.615022486958966,35.145324408177,40.16676094939986,2.364826435035758,20.853183277703003,292.4745457400328,2.3665064404406477,59.644562019656995,99.6901964135823,2.6425307016758746,32.48169926698
9.96870091873698,2.545381409388853,10.680295070544002,8.87336847283752,2.811125490380087,10.410301049744998,5.013784390493268,2.2041673143419844,7.229132963226002,12.207183799704534,2.3968543409377228,11.6161613825
9.821341582782129,2.8604349145279415,11.1846528945867,175.15621939449434,2.151815393802761,43.089707990819996,32.57857021162239,2.49362495193541,20.664277912901003,129.50757123289367,2.3829803438587325,36.563238060189995
5.740595721296583,2.2540313926623337,8.0007767990431,5.549027749188382,2.2219299933700083,7.200581314360001,3.85072409394502,2.6488093612517476,6.912899052425681,5.825131907026355,2.0237337873215844,6.99756598508
20.602884582638776,2.5173320306296487,15.6716154604687,13.548577825722504,1.8272318042605717,11.246197758895,12.85543576797942,2.966270755441281,12.4496228351692,21.104961175805194,2.040312976614437,13.943551146606001
4.344573666097608,2.3893781695707075,6.9737684737991,7.301305393111508,2.6099438412972913,8.537841966661,3.835828580499841,2.2835340307559298,6.687116070495501,10.403606648811468,2.7147419094549012,10.31403742887
9.748367492338668,2.7265580848627153,10.811466938707001,189.03357780997658,2.1686968685357444,45.676962268233005,41.67394728573347,2.3995277116197484,22.467054021071903,131.726448603919,2.4185667382475424,38.662984380500006
2.6112390795529974,2.8053311164074968,5.5971606445316,219.5756520828918,2.5038304239005287,44.20089376839,3.777744787213236,1.9908203181341158,5.914386968955201,176.12095395145508,2.759232432674067,39.56932867383001
2.7238987391027067,2.3743078087682945,5.833614848948299,16.63430245498851,1.6107706412905478,11.617243665050001,5.116370818705386,2.4555430318449813,7.7275160463568,17.40695605483397,1.6177213786653273,12.03417297541
12.064547358327477,2.3005127399620546,11.810601699953002,10.613497848177229,2.326357732366097,11.18788149094,7.345152113829256,2.5281513329706304,9.394398209568351,10.46413064052552,2.1775928263567845,10.2841412989
358.8985249217027,3.1021332650980447,60.30110162000201,200.2271775047298,2.0272395001777626,42.24958203857601,23.23064681784017,2.4885807123899992,16.450858916591,257.40919051915364,2.375078232773667,50.29840163888001
80.77993827412791,2.3597326054201213,26.771312768632306,96.3711962110677,2.5055697038739075,30.259586864631803,4.201816157638884,2.9264195649174742,7.460193946838201,139.85447347653795,2.618762464720853,35.688447930708016
7.398213072663255,2.8466049649140515,9.584630159137301,14.243462122751364,2.7468823185468443,12.511022195813,9.841242068082718,2.4204665907643976,10.088796739358,16.906100921016257,2.5338300941848253,12.805459642210002
9.879559391715958,2.8669732688323366,9.511701814042201,5.668332084984201,2.740121307898053,7.3560884354395,8.976688762712289,2.4693608734500314,9.10060269922952,8.112431612852976,2.7985562078811386,9.64632285315
78.17882938694251,1.783429765708418,25.7300495865256,61.08405291798175,2.0172640629590983,24.0301290890646,5.04332031550304,3.71629639474036,8.562103514291,109.751723203262,1.9558845275493826,30.555132338083002
1.0288154208474753,2.2725698281302824,3.10796744841,0.7631650263216108,2.18808083882097,2.628206117201,0.9767226666945902,2.199780206511128,2.878849401905102,0.7223167686979137,2.114609142744242,2.7516925586600003
6.973759054690807,2.4368479146245,9.162964517276539,5.217343558585954,2.783805862660661,7.745291084610001,4.199328138039368,2.604972226561805,6.624239323586001,5.748014247942774,2.9264753891245996,7.204954873600002
7.583347218656691,1.6053814660104304,7.880301329060001,4.682167734186953,1.712841721971254,6.260831034729998,7.801058573609744,1.7885557997189951,8.5691822937135,13.871919581065432,1.5606415940421532,10.597258548670002
6.106326385333027,2.0959502205645286,6.82242569283,3.7378064136231295,2.158641154779297,5.9319933563100005,0.9793963693141375,2.26892057927484,3.1831141799769704,8.452837067738383,2.0369304436001343,8.276994520970002
315.96009832309875,3.1323451628854198,54.304054166556,98.32857334057495,2.301302229626301,33.85820120988,302.90469980886667,2.4270845733702293,59.3190483754453,148.62308284968861,2.253369847777079,39.71433984379
